"","traitmDR:traitmDR.animal","traitfDR:traitmDR.animal","traitmDR:traitfDR.animal","traitfDR:traitfDR.animal","traitmDR:traitmDR.round.sec","traitfDR:traitmDR.round.sec","traitmDR:traitfDR.round.sec","traitfDR:traitfDR.round.sec","traitmDR.units","traitfDR.units"
"1",0.00669355542938462,0.000102944516885195,0.000102944516885195,0.0085965147391342,0.00403584309457921,-0.000946587216778594,-0.000946587216778594,0.0109845635367981,4.0253696015147,20.6620563823503
"2",0.0191040580120954,0.0280622564118972,0.0280622564118972,0.0981872449342861,0.00482952066621333,0.000910130924516528,0.000910130924516528,0.00340186933221659,3.78332429989629,20.7606340250638
"3",0.00689307681749443,-0.00232558108268455,-0.00232558108268455,0.010217514036024,0.00419331801301116,-0.000886827487266262,-0.000886827487266262,0.0103562246022025,4.10363707367821,20.5979609099047
"4",0.00677133863958188,-0.000414756551255058,-0.000414756551255058,0.0164295389862425,0.00389841801022874,0.00680193704258825,0.00680193704258825,0.0117219478749442,4.32410428290609,19.8791507296652
"5",0.00642380728890066,-0.000364168352836813,-0.000364168352836813,0.0235887441608086,0.00287136154272476,-0.000416065621308109,-0.000416065621308109,0.00525076418723482,4.25338928942294,20.3126676107984
"6",0.00345979424080084,-0.000502258433593805,-0.000502258433593805,0.0122204666047733,0.00177158352970378,-0.00136303764235607,-0.00136303764235607,0.0036097574419008,3.97618885573114,20.9670701288874
"7",0.00386581862193331,0.00257311184223286,0.00257311184223286,0.0167357993375619,0.00238328200362559,-0.000662323138142046,-0.000662323138142046,0.00382715337908701,4.17904070376166,21.5065952609269
"8",0.0169135028067489,0.18567169776044,0.18567169776044,0.039712378081277,0.00242520328929934,-0.0015666346382881,-0.0015666346382881,0.00786159799848609,3.88818873226487,19.0241050191385
"9",0.0093062345876783,-0.0140467373596811,-0.0140467373596811,0.0169564657453955,0.170870449791426,-0.00173620862368551,-0.00173620862368551,0.00738506207370119,3.88013447378332,19.7863482506414
"10",0.00921288084468157,-0.00279153244442609,-0.00279153244442609,0.0347983634196825,0.00366280260544824,0.00216545998953988,0.00216545998953988,0.00845773887519375,4.1071612152507,20.4755185293883
"11",0.0102079856980261,-0.00195457445146574,-0.00195457445146574,0.0130775481449179,0.00291552351735761,-0.00191664170530731,-0.00191664170530731,0.00345169127328477,4.20864588759691,20.9505988170209
"12",0.00975296324685725,-0.00049655873168164,-0.00049655873168164,0.0234886821524887,0.00229340870683645,1.26217172935483e-06,1.26217172935483e-06,0.00478005166351966,4.29350576401579,19.4549646009711
"13",0.00651789194868911,-0.00215000204066396,-0.00215000204066396,0.00768122831101867,0.00279715640303394,-0.0101514591037061,-0.0101514591037061,0.00527997481800226,4.06226614727143,21.4072133242351
"14",0.00458452197926782,-0.00293293944563133,-0.00293293944563133,0.015443269209708,0.00244876179055014,-1.35938550918091e-05,-1.35938550918091e-05,0.00601351116874194,4.04500894845211,20.3741735371472
"15",0.0040438344623902,0.00236125757914574,0.00236125757914574,0.0173010091608914,0.0022192997229941,0.00195337477548363,0.00195337477548363,0.00995466350363701,4.02162075006376,20.1626111375112
"16",0.00850750608349286,-0.0929071326367674,-0.0929071326367674,0.0849139109392052,0.00221822101412565,-0.00170115452555619,-0.00170115452555619,0.00740427527824324,4.01689113924462,18.5545738076222
"17",0.00592803458901051,0.00196940025727366,0.00196940025727366,0.0311138833325074,0.0053000609352934,0.0134021138621369,0.0134021138621369,0.00688530688144672,4.0390100944208,20.1647898603036
"18",0.00726496813758447,0.00356657173050356,0.00356657173050356,0.0178459690234845,0.00567970982646679,0.00673682607180065,0.00673682607180065,0.00597613836069099,4.12839222658141,20.9294721349703
"19",0.00338757389184684,-0.000291634019368381,-0.000291634019368381,0.0193029434585034,0.00407922343032228,-0.000724312883564615,-0.000724312883564615,0.00679168314002577,4.22652194526388,20.9945549070787
"20",0.0073149341576347,0.00249875753569084,0.00249875753569084,0.0114781129539309,0.0152910894581888,-0.000579098089313723,-0.000579098089313723,0.0113216052156228,4.02204182452313,21.3659398084337
"21",0.00318440445061697,0.00240452059395191,0.00240452059395191,0.102029001325059,0.0016730143370233,0.00169436404730716,0.00169436404730716,0.00686764044108525,4.11467243663807,18.828867614166
"22",0.00836144818234095,-0.00280323748926481,-0.00280323748926481,0.0210411585448729,0.00557664789913373,-7.79897387314654e-05,-7.79897387314654e-05,0.00377471733663909,4.05516213619751,20.5097726101017
"23",0.0181341782084823,-0.00657036712949288,-0.00657036712949288,0.0219148083109555,0.00472549997398274,0.000922954775677498,0.000922954775677498,0.00546089567795112,4.14379631373869,20.9711750709628
"24",0.012517430750061,0.00118670899241935,0.00118670899241935,0.00962079496281457,0.00343131315874115,-0.00011379997324823,-0.00011379997324823,0.0168750794760064,3.98133215368798,20.422193337875
"25",0.00504919986639173,-0.00191007997674986,-0.00191007997674986,0.0155785754754768,0.00312793678593921,0.00025588655227643,0.00025588655227643,0.00380852587931244,4.02215769183594,20.56685655003
"26",0.00514739533205595,-0.00342603477452841,-0.00342603477452841,0.00705236898208492,0.00151666944226356,-0.00349883382828475,-0.00349883382828475,0.00683124296506804,4.16489739122827,20.4706533917154
"27",0.00974405253007071,-0.00270422863547837,-0.00270422863547837,0.00852963563401696,0.00408490517890484,-0.00373180497064221,-0.00373180497064221,0.00292368879966533,4.00166063820923,20.0164580891872
"28",0.00452501949655801,0.00608094923948865,0.00608094923948865,0.0538685805940962,0.00184364679413205,0.0023649793547289,0.0023649793547289,0.00814314607054173,4.26851671735258,19.3836981548268
"29",0.00488405228799756,-0.00394662890297259,-0.00394662890297259,0.00813039910143222,0.00640079593360086,-0.00161102470925389,-0.00161102470925389,0.00540980780520834,4.21238734597201,20.4795802207019
"30",0.00497323478593114,0.00443669480517561,0.00443669480517561,0.00794544649701378,0.00363432084314077,-0.000979941252467809,-0.000979941252467809,0.00459650952268773,3.93868951691835,20.7106633651546
"31",0.0120870257869219,0.00403070848762321,0.00403070848762321,0.0148764138140255,0.00284164628588681,6.2513098475131e-05,6.2513098475131e-05,0.00505480749221895,4.09516129093847,20.142219007381
"32",0.00890236692721694,-0.00688156404405715,-0.00688156404405715,0.017215253067157,0.00401368468093614,9.29358700630101e-05,9.29358700630101e-05,0.00610406530861833,4.00388720903813,20.8259712098611
"33",0.00642721565627064,-0.00170437765876619,-0.00170437765876619,0.00769586793160326,0.00166925300756964,-0.00119348757980897,-0.00119348757980897,0.00600771351858804,4.27953811371776,20.0598223347535
"34",0.00338285884205361,-0.00245807725191327,-0.00245807725191327,0.0266139275691757,0.00452767757571205,0.000725097165666488,0.000725097165666488,0.00423829377508769,4.1770027286053,20.3403256246279
"35",0.00393175585512602,-0.0042150073600935,-0.0042150073600935,0.031507293074637,0.00178239807253989,-0.000662418967874612,-0.000662418967874612,0.005136960669779,4.00976468760128,19.816579898428
"36",0.00813814687440214,-0.00185198971677614,-0.00185198971677614,0.0155147315458391,0.00216924689717524,-0.00347648775601428,-0.00347648775601428,0.00627805724454459,3.84831895625704,20.6851278529497
"37",0.0433503828115374,0.0100848798908836,0.0100848798908836,0.0147237224853851,0.00340361009095135,-0.00174866024119677,-0.00174866024119677,0.0063480181555101,4.08330736725454,21.0426723518303
"38",0.00508934063254586,0.000742495668706544,0.000742495668706544,0.0321078699812193,0.0028752450131189,-0.00034734722997698,-0.00034734722997698,0.01073308155881,4.08431813363448,20.4766275802014
"39",0.0170825604805402,0.00311149206119754,0.00311149206119754,0.0091872479364905,0.00512142209233893,-0.00103634714115663,-0.00103634714115663,0.00370713974715947,4.06372360591167,20.3795620641562
"40",0.00465559263235911,-0.00245345166422206,-0.00245345166422206,0.00492493459985159,0.00366900149932102,0.000274697414387154,0.000274697414387154,0.00493720057984704,4.33010900081642,20.2876634804898
"41",0.00826148732899896,-0.00436970458986863,-0.00436970458986863,0.00819144889338823,0.00327306613956249,-0.000202881888522508,-0.000202881888522508,0.00459887385412985,4.07588458334861,20.065712905253
"42",0.0123581227525295,-0.00187129052637092,-0.00187129052637092,0.0087640608448233,0.00537644631887603,-0.00172039472903734,-0.00172039472903734,0.00899115199477157,4.1747603290939,20.1397236787334
"43",0.00708117960331232,0.0047888432693699,0.0047888432693699,0.0167736937833344,0.00536453629338692,0.0011726929448888,0.0011726929448888,0.00647202831305014,4.29833816666773,20.6496193248786
"44",0.00739062315224354,-0.018199528786409,-0.018199528786409,0.0254753108827859,0.00423422506537074,-0.00942845695896824,-0.00942845695896824,0.00745075437828892,4.07280731006278,21.2073587803476
"45",0.0102885404746909,-0.00408181075826364,-0.00408181075826364,0.014461165157976,0.00400923960765796,0.000500543878850623,0.000500543878850623,0.0149072652787412,4.11847213254048,20.4086488751061
"46",0.0157251815726251,-0.00816040623789638,-0.00816040623789638,0.0590144044902827,0.00265908724584689,0.0027416317472802,0.0027416317472802,0.00564007985912812,4.03715986887971,19.1121903795936
"47",0.00500543834128524,0.00192096970708511,0.00192096970708511,0.0282360922797947,0.00582563491437169,-0.00242152949390878,-0.00242152949390878,0.0110193425181042,4.03963577696441,19.7783955001632
"48",0.00781541055482799,0.00230095439570166,0.00230095439570166,0.0125298135698419,0.0019961595161416,0.000462976052936687,0.000462976052936687,0.009880907035116,4.29681574526195,21.3670851258603
"49",0.00713484028361025,-0.00292469180939237,-0.00292469180939237,0.0110661860014737,0.0027893636148456,-0.00397772037403249,-0.00397772037403249,0.00915407189181136,4.1862968066712,19.9528137541347
"50",0.0030406751862821,-0.0054738635111401,-0.0054738635111401,0.0355941112694529,0.00240742782694298,-0.000933655313338805,-0.000933655313338805,0.00679568720283993,4.11891020735805,19.8439994730889
"51",0.0106642539935588,0.000315785600868423,0.000315785600868423,0.0139407780736479,0.0025199525929222,0.00190143714868857,0.00190143714868857,0.00969881219632046,4.1095954262543,20.3626977144826
"52",0.00944275191786936,0.00089912060880093,0.00089912060880093,0.0141452828360031,0.0019716906339564,0.00107483179449902,0.00107483179449902,0.00493534468304834,4.18020238488598,20.8803261599264
"53",0.360754416419216,0.710163905071679,0.710163905071679,2.06216827749767,0.00311090776129918,8.9796374930104e-05,8.9796374930104e-05,0.00685303999970857,3.95577375131771,18.0815759028165
"54",0.00393799446799744,0.00146020746729214,0.00146020746729214,0.0176845385523016,0.00149147125003678,0.00136244325856716,0.00136244325856716,0.00660237156923114,4.27245628069756,20.6124331881487
"55",0.00431510864391852,0.00750411771879134,0.00750411771879134,0.0812538067411333,0.00319565304414823,-0.00461256949147154,-0.00461256949147154,0.00686279379757551,4.03125686294734,18.4407082735255
"56",0.508901562281149,1.01023884543865,1.01023884543865,1.9012997435616,0.002624221279339,0.000399010250347109,0.000399010250347109,0.00893446334892843,3.62993245412172,17.9777482434523
"57",0.0161864086875797,-0.0203606500646049,-0.0203606500646049,0.00582599203952539,0.00336083196238262,-0.161825430147943,-0.161825430147943,0.0184959981050507,3.97996055315844,20.1515951079237
"58",0.00891139310757606,-0.000396123648695013,-0.000396123648695013,0.00809130238647155,0.00611944783233956,-0.000361983461450777,-0.000361983461450777,0.00362697253023182,4.17270361999542,19.8513113778327
"59",0.0346496897913655,-0.0128733041540707,-0.0128733041540707,0.0144025892123462,0.00290624553757514,0.000581837629648141,0.000581837629648141,0.00671520687796983,4.04340993375844,20.917531220889
"60",0.00471664390138614,-0.000141414950587393,-0.000141414950587393,0.0146792836690128,0.00499457175798743,0.000405840119689804,0.000405840119689804,0.00908499713519041,3.92768690106314,20.349468922733
"61",0.00366511520010789,-0.000771939182522496,-0.000771939182522496,0.0208750704926556,0.00516349088786781,0.00720277537957298,0.00720277537957298,0.0141948186287127,4.08490881217148,20.8741876978884
"62",0.00697651734916267,-0.000728103866626917,-0.000728103866626917,0.0111067835485334,0.00350325208348417,-0.00110467008243365,-0.00110467008243365,0.015563175712925,4.04931548369976,20.0852213656427
"63",0.00485608390562316,0.00213723555966283,0.00213723555966283,0.0284278608914158,0.00334280555988858,-0.000187555632671921,-0.000187555632671921,0.00281751913917281,4.12567175243075,21.3294737981682
"64",0.00398624102172409,0.000118609728582408,0.000118609728582408,0.0104112305725001,0.00355278511898412,0.000929252937439951,0.000929252937439951,0.00396519590135973,3.93694409426565,20.0602107487791
"65",0.00547650907205556,-0.00126991263503379,-0.00126991263503379,0.00957090895264603,0.00204984453272265,-0.00049977085440267,-0.00049977085440267,0.00659002237987569,4.15687672396997,21.1302515218109
"66",0.00819945451063,-0.000854385642321986,-0.000854385642321986,0.0146909399042388,0.00397316610005508,-0.00233965165561828,-0.00233965165561828,0.00886070154498058,4.09219142721774,21.2760075984022
"67",0.00490163307011949,0.000724248997571508,0.000724248997571508,0.0150900840490648,0.00278248542585737,-0.000924377179538693,-0.000924377179538693,0.00361153498021264,4.17540831621826,20.9661664350935
"68",0.0072654612974451,0.00048614772516864,0.00048614772516864,0.016380534888691,0.00555911645890103,-0.00371335410011886,-0.00371335410011886,0.0160255867840349,3.94104888171244,20.7487770016122
"69",0.00550124099250274,-0.000235576318823316,-0.000235576318823316,0.00909535216541275,0.00417172325320783,0.00102381448486916,0.00102381448486916,0.00499063256638727,4.04115140639884,20.5398158633383
"70",0.0046793120462509,0.00236000558405713,0.00236000558405713,0.0372916820603931,0.00303815863186415,-0.000708112120876292,-0.000708112120876292,0.0170324763011222,4.2255274746423,20.0703838412578
"71",0.0143365059509928,-0.00353935928726901,-0.00353935928726901,0.0302489663482643,0.00163345460846705,-0.000665085714776026,-0.000665085714776026,0.00867300394756367,4.17897618804749,20.0236052214944
"72",0.0091240988227177,0.0077607522266594,0.0077607522266594,0.0156525730957165,0.00297250723248633,-0.000749193993851649,-0.000749193993851649,0.00499293389103429,3.86177522349749,20.3348196528906
"73",0.00562272562036645,0.0277093993908761,0.0277093993908761,0.00904445988959383,0.00475292364133045,-0.000332778024441316,-0.000332778024441316,0.00952903205122114,3.67200449068991,20.3500952422502
"74",0.0052908905215825,-0.00562479424704221,-0.00562479424704221,0.0214553809755639,0.0051988302177254,-0.000561462053501161,-0.000561462053501161,0.00619745964234134,3.97637797338013,20.4123661629773
"75",0.00397956816551837,-0.00134500279739536,-0.00134500279739536,0.0178702531218,0.00291846662792123,0.00023829874527681,0.00023829874527681,0.00831403922286182,3.95424403253846,20.9645030150398
"76",0.00715225232669704,-0.000819022345382336,-0.000819022345382336,0.0118881671045419,0.00199805382177672,-0.000606933767898277,-0.000606933767898277,0.00788216627405079,3.89791731295313,20.1462781848624
"77",0.00700177498355297,-0.00346888814000512,-0.00346888814000512,0.0376756290885179,0.00601387414480284,0.00431756381374754,0.00431756381374754,0.0040291284921541,4.03726641688773,21.149688163265
"78",0.00650824035658402,0.00255268578048318,0.00255268578048318,0.019404797681192,0.00326672346860304,0.0350425758277882,0.0350425758277882,0.0229498454835807,4.1065760890496,19.3158651739491
"79",0.0457716298213657,-0.291360300772199,-0.291360300772199,0.650432806991538,0.00825949022989408,0.00308898709755534,0.00308898709755534,0.00939353010924383,4.03228065452884,19.739559325421
"80",0.00557459520818337,-0.00201751119723004,-0.00201751119723004,0.0236041642759367,0.00282481147736867,0.00470868853813489,0.00470868853813489,0.00622510597237832,4.03350340581408,19.9252056243318
"81",0.00297023443725371,-0.00197683404915938,-0.00197683404915938,0.0169087759487099,0.00836455497799211,-0.000560874336426709,-0.000560874336426709,0.00650488848466661,4.28749788960382,21.1381011789925
"82",0.0179424672080509,0.000208367476957072,0.000208367476957072,0.00696836480831732,0.00438597562479148,-0.000110841784409899,-0.000110841784409899,0.00503616305081206,3.99601421769491,19.9173097679166
"83",0.0114818798608904,0.00819534267140098,0.00819534267140098,0.0112934539148225,0.0025507695696677,0.000228395356724281,0.000228395356724281,0.00499435978806677,3.88964141907106,20.5977132393684
"84",0.00555170418086814,0.0060469590091452,0.0060469590091452,0.0321756696656584,0.00275778263766433,-0.00106178442680754,-0.00106178442680754,0.00925047741903771,3.90709547011068,20.2120228214442
"85",0.00367247172158039,0.0101211586276515,0.0101211586276515,0.0608135067528416,0.0031912149491156,0.00502284660763153,0.00502284660763153,0.00454529813553578,4.04913065679998,21.1176178142357
"86",0.00750469630982874,-0.0138307803066609,-0.0138307803066609,0.0285201907509795,0.00956488838876069,-0.00386245329690982,-0.00386245329690982,0.00722529507683816,4.1829320423218,20.0664534925643
"87",0.00395905287477077,-0.00139774958880756,-0.00139774958880756,0.00575590981275479,0.00470825505958606,-0.000818706292556426,-0.000818706292556426,0.00563753093340078,3.92451517083392,21.2504893697187
"88",0.420263540760391,0.0138946091881531,0.0138946091881531,0.0365017785844795,0.00608237215572764,-0.00113160777571009,-0.00113160777571009,0.00725265257897545,3.71366612658007,19.3903360362808
"89",0.00933154735819091,-0.00637825449512863,-0.00637825449512863,0.0366449545851094,0.002840332456544,-0.00685996340134831,-0.00685996340134831,0.0145885270716318,4.10914018525636,21.0062159491081
"90",0.0057472167621445,0.000497834540183262,0.000497834540183262,0.0156110691580732,0.0119033824605312,0.000623512955362004,0.000623512955362004,0.0066485428622745,4.1705944292773,20.3996458880158
"91",0.00676126275226966,0.0010667043103082,0.0010667043103082,0.0124483311772432,0.00254218418229946,-0.000939167611939629,-0.000939167611939629,0.0100708272906347,4.23365712764179,20.0029364594347
"92",0.00401216131429816,-8.84015416772188e-05,-8.84015416772188e-05,0.0096467536311497,0.00686559378718869,0.0224463811701954,0.0224463811701954,0.0199971351409587,4.07953787646102,19.7579040455514
"93",0.0098233293622462,0.00447317752980436,0.00447317752980436,0.00829102329247575,0.00334582667055432,0.00740706028988103,0.00740706028988103,0.00693691826007074,4.34695597317952,20.4413614088407
"94",0.00707761812576858,0.00400478035793461,0.00400478035793461,0.0483980707175209,0.0100229909251453,0.0239886344295909,0.0239886344295909,0.0111248158532509,4.00008192955019,18.689419152986
"95",0.00468642710379585,-0.00632011961254902,-0.00632011961254902,0.0105801257105954,0.00247530275711019,0.00166495595596627,0.00166495595596627,0.00665936225742427,4.14444974629595,20.0967593877152
"96",0.0106911994287125,-0.0189177754633587,-0.0189177754633587,0.0142143194616793,0.00346643901822414,-0.00180084462512875,-0.00180084462512875,0.0096501859576477,4.2058693596417,21.092511705065
"97",0.00437070183656068,-0.000410985057793745,-0.000410985057793745,0.0144262466501993,0.00355096817678452,0.00192640213432804,0.00192640213432804,0.00668684530749882,4.09182199092756,19.8552611403885
"98",0.00282598121169545,-0.00525493205134964,-0.00525493205134964,0.0305148798902826,0.00331699075752079,-0.010210517180396,-0.010210517180396,0.0187321736144581,4.03176931706843,20.6682312256674
"99",0.00566197162114287,-0.00165631063147087,-0.00165631063147087,0.0125630806259551,0.00561859570683978,0.00342455158306787,0.00342455158306787,0.0125711090203141,4.14895787491607,20.1463059824769
"100",0.0101081646236884,0.0218820953490471,0.0218820953490471,0.0347667215409116,0.00790018631497564,-0.0015788490567068,-0.0015788490567068,0.0049739257706468,3.97008110771455,19.6071969369206
"101",0.00416721916038829,0.00252652421134392,0.00252652421134392,0.0221348558685191,0.00526011040532906,0.00020926629809942,0.00020926629809942,0.00531680138628705,4.20648833908315,20.8098523765449
"102",0.0120877667334569,0.00796062484908644,0.00796062484908644,0.0151519968802195,0.00373874093819056,0.00566768918164967,0.00566768918164967,0.00642328986423786,4.04640375536279,20.7362974401183
"103",0.00596483536222585,0.00377581570055913,0.00377581570055913,0.0658675274903213,0.00137685005816798,0.000771427568986793,0.000771427568986793,0.00366369922698391,4.17869814239514,20.5662712861503
"104",0.0065213154469368,0.0033120457093988,0.0033120457093988,0.0348644829260527,0.0024417978077412,-0.00130258592031063,-0.00130258592031063,0.0067318874978057,4.31619570511629,19.8340717532522
"105",0.0117522782600152,0.00846541018885794,0.00846541018885794,0.041737918115334,0.00927881402929718,2.85091695055306e-05,2.85091695055306e-05,0.0165862350785154,4.07014138701855,18.8600379665098
"106",0.00406955379566172,0.000685069640597336,0.000685069640597336,0.0148544321381707,0.0028738522292346,0.000645177231763383,0.000645177231763383,0.0190833719451,4.19632438548702,21.2348338214498
"107",0.0138034868949698,0.0138941589891931,0.0138941589891931,0.117913542493721,0.00293850101388495,0.00681534588780774,0.00681534588780774,0.0153230707892484,4.06188783715014,19.0375829128044
"108",0.00564407733440216,-0.00212359410616569,-0.00212359410616569,0.0348511143455294,0.00173086391466782,0.000113696759645676,0.000113696759645676,0.00518523734870575,4.32105897097597,20.2387866067726
"109",0.0064860382354183,0.0022564361384898,0.0022564361384898,0.00540519916937505,0.00329126310973038,-0.00146137623474285,-0.00146137623474285,0.00752624703976535,4.0614449371881,19.2110600568649
"110",0.00710603093070168,0.000993990370886988,0.000993990370886988,0.00932898656328297,0.00475711550745134,-0.000225943119780608,-0.000225943119780608,0.00464418508996248,4.1309429007889,20.5177641230537
"111",0.00333338042356951,-0.000125948270864207,-0.000125948270864207,0.00335761644405319,0.00303903609610828,-0.000221552212536447,-0.000221552212536447,0.00847376738839348,3.91436407855296,19.5561638248417
"112",0.00528512552726449,0.00471658585732171,0.00471658585732171,0.00694632179455642,0.00343390384638743,-0.000254387260592903,-0.000254387260592903,0.0111188297713364,4.23141452934733,20.312882294989
"113",0.0054842085910406,0.00388169956066053,0.00388169956066053,0.00763404525298761,0.00224883766726941,-0.000190501691478828,-0.000190501691478828,0.00996738561433332,4.29123349762413,20.8576305332422
"114",0.00639976504718071,0.00276918357471301,0.00276918357471301,0.0851276681293987,0.00478313793082259,0.00901246026844005,0.00901246026844005,0.00597378672019025,4.00390726546399,19.6456197794988
"115",0.0087510791392173,-0.00113271436452989,-0.00113271436452989,0.0247856852374206,0.00247113501372025,0.000575896835580236,0.000575896835580236,0.0183070182486324,4.11209671882654,20.6652608270927
"116",0.00378674419121926,-0.00260219241119158,-0.00260219241119158,0.0148356884472192,0.00413978588392946,-0.000801248426182177,-0.000801248426182177,0.0069551161775729,4.09676008666997,20.3722745811061
"117",0.0207495235725314,-0.00445912721262021,-0.00445912721262021,0.0556458638144531,0.00241946895008492,-0.00631053462447151,-0.00631053462447151,0.0108269587642382,3.98638533965883,17.8278601718718
"118",0.79541004579885,-0.00197005617726864,-0.00197005617726864,0.00861917312580378,0.00276615127811548,0.00309826180351636,0.00309826180351636,0.00419346676248903,3.49832174987096,21.5486020555706
"119",0.0108191863367604,-0.00542019105634228,-0.00542019105634228,0.0167497662696897,0.00836376881819683,-0.00211577734068102,-0.00211577734068102,0.012152413051259,3.67796682089507,20.4156209655503
"120",0.073477308878642,0.0130678336836682,0.0130678336836682,0.0133316899510267,0.00273677570976601,-0.000771472180194577,-0.000771472180194577,0.00456787988207133,3.85650023857943,20.9031948877676
"121",0.0150449853451668,-0.000360269638384425,-0.000360269638384425,0.0222474570926426,0.00482186089414307,-0.00154245808244258,-0.00154245808244258,0.00295870830627667,4.18240402370682,20.4541588063612
"122",0.00574670382888798,-0.0023578295696266,-0.0023578295696266,0.0200236708895201,0.00338322671694683,0.00162505867994445,0.00162505867994445,0.00583783809892268,4.01106098732056,21.5670369257719
"123",0.00562637168632493,0.00105183787026841,0.00105183787026841,0.0434852805479332,0.00394467366865469,0.000637650877800322,0.000637650877800322,0.00622340277793966,4.09366779422877,19.0643922279475
"124",0.00610126592542538,0.000371466070318793,0.000371466070318793,0.00876339983705174,0.0016175804480406,0.000432930929492953,0.000432930929492953,0.00579491298700122,4.31567862773453,20.1921474152627
"125",0.00312436185905321,-0.00155839770362098,-0.00155839770362098,0.00876774821583611,0.0043435711467009,-0.000270576471431916,-0.000270576471431916,0.00544814225245526,4.21080569546135,19.9735928895658
"126",0.00569812666890895,0.00194404977331208,0.00194404977331208,3.17677597844594,0.00316958007911248,2.34273952209874e-05,2.34273952209874e-05,0.0162695189520504,3.9886795162777,18.0591824753375
"127",0.0198902362980452,-0.00297399529064846,-0.00297399529064846,0.0450351571355425,0.00290763277460316,-0.00124240212337828,-0.00124240212337828,0.0040362180421749,4.21891004017349,19.3299395920015
"128",0.00659810863568379,0.00138274571318442,0.00138274571318442,0.0121255282457921,0.0019372395274899,-0.0011007241463693,-0.0011007241463693,0.0042285026660658,4.16312183526556,20.6917324436448
"129",0.00475544510648666,-0.00342662064510935,-0.00342662064510935,0.0124391542192498,0.00566477870392263,0.00438427209908998,0.00438427209908998,0.00796154021035851,3.88810096568224,20.9217654393659
"130",0.0163762635888322,0.00070696591828745,0.00070696591828745,0.00826173608280121,0.00524359848039201,0.000410386966663456,0.000410386966663456,0.0042244477380816,4.04979489004063,21.0257107358398
"131",0.00726722279177909,-0.00144647438190826,-0.00144647438190826,0.0131154016203898,0.00211121146226455,-0.000414508713761363,-0.000414508713761363,0.00807133116941991,4.10869756744402,19.2060607962188
"132",0.0065535907378571,0.0028755114976049,0.0028755114976049,0.0135379553078895,0.00216403626493257,0.00144428519190981,0.00144428519190981,0.00375970871028378,4.20503073898722,20.2704016280788
"133",0.00813868062688879,-0.00308116903580746,-0.00308116903580746,0.0160231038623149,0.00372864052655695,0.0018711740103125,0.0018711740103125,0.00972201953359052,4.04641570484614,19.8088763401588
"134",0.00685761779246976,0.0015594026750898,0.0015594026750898,0.01537618934201,0.00939534521420701,-1.07348200176216e-05,-1.07348200176216e-05,0.00495550140823978,4.08325254922292,20.5322691640491
"135",0.00535690598710762,-0.0022507870303925,-0.0022507870303925,0.00892939478463391,0.0032683716418673,-0.000564410546201821,-0.000564410546201821,0.00542593761349733,3.9599523396876,21.2044347215678
"136",0.00403744963236603,-0.00195361805084571,-0.00195361805084571,0.0127540687123876,0.00387353560659603,-0.000289243789494326,-0.000289243789494326,0.00573362594977894,3.96848515359727,19.6314623117678
"137",0.00554684425490467,0.0013537981618208,0.0013537981618208,0.0152862689028315,0.00156122414162226,-0.000143850918559729,-0.000143850918559729,0.00438632110844859,3.8529526587856,20.923066781138
"138",0.0273473319149719,-0.00695019895981575,-0.00695019895981575,0.0154591448683598,0.00220289939897288,-0.00105699064454751,-0.00105699064454751,0.00354410341972015,4.19876233392908,20.5976732054326
"139",0.00374075827721324,-0.0016320670642791,-0.0016320670642791,0.0166257297407509,0.0210569754285025,7.84421118177336e-06,7.84421118177336e-06,0.0083416313827866,4.03061910774397,19.2663496343773
"140",0.0100760890832334,0.00132093550577372,0.00132093550577372,0.0258602759765816,0.00205911324328523,0.00048431656779041,0.00048431656779041,0.00847116015631953,4.39477857372004,20.5643000996498
"141",0.00881900002866663,-0.00283538038972858,-0.00283538038972858,0.0233784407666757,0.00359920452737721,0.00023198744880415,0.00023198744880415,0.00339004583513317,3.83961892198036,20.1247282541206
"142",0.00375744539153922,0.000881468431819021,0.000881468431819021,0.0128510519077008,0.00206950557632437,0.000457399096606248,0.000457399096606248,0.00409888500871239,4.23165992301518,20.3001045295022
"143",0.0106922665984297,-0.00403108483095571,-0.00403108483095571,0.00856518479107348,0.0758561493735689,-0.00337357264291238,-0.00337357264291238,0.00537803974393583,3.724143888948,21.3842018428066
"144",0.00932289605732108,0.00387288328141233,0.00387288328141233,0.0252024294143328,0.00287405572491348,0.00135820594541092,0.00135820594541092,0.00764011023650591,4.22716926680732,20.8020007136801
"145",0.0025920017363968,-0.000693614303552526,-0.000693614303552526,0.0261678128981844,0.0074437580035332,0.000859532943628505,0.000859532943628505,0.00521310715390773,4.27105123153169,21.29656017206
"146",0.00786515711824437,-0.00237683088761353,-0.00237683088761353,0.01507417859601,0.00506492063324277,-0.00343143303897137,-0.00343143303897137,0.0242977180941657,3.86771970518416,20.5825054398254
"147",0.00940543612798848,0.00727901055019364,0.00727901055019364,0.0385976043856821,0.00250100867596599,0.000246983810960943,0.000246983810960943,0.00369539114193257,3.99429116075395,19.416789346802
"148",0.00729735797520708,0.000263250514232594,0.000263250514232594,0.0130309155821478,0.00296874653338563,0.000592355810750345,0.000592355810750345,0.00551736895881467,4.16123403451655,20.1952867203646
"149",0.00825556219057701,0.00133322553302206,0.00133322553302206,0.00874417459188261,0.00238249421149251,0.000973780074098429,0.000973780074098429,0.00252086035114049,4.1199841544809,20.6517858271033
"150",0.00361277208779136,-0.00427191242087166,-0.00427191242087166,0.0239515462036211,0.00183074544936554,-5.65659968726762e-05,-5.65659968726762e-05,0.00526612168118037,4.16029900144522,20.7297431963707
"151",0.0129422910290748,0.000912832389398988,0.000912832389398988,0.0105233537393248,0.00128158752514999,-0.000200331820922856,-0.000200331820922856,0.0063804624078922,3.89510273922031,20.8436989503137
"152",0.00745589546781934,0.00635917298740429,0.00635917298740429,0.0197031499246988,0.00780492143006082,-0.000430228320470294,-0.000430228320470294,0.00651836236867648,4.15980700976299,20.2094178532187
"153",0.00698213777683865,-0.00153519423227011,-0.00153519423227011,0.00929650753654605,0.0016735851589634,-0.000124585139169298,-0.000124585139169298,0.0100789444756206,4.15638519950562,21.5767383484898
"154",0.0107465495502004,-0.00821859482597942,-0.00821859482597942,0.0257789481532972,0.00325862689292559,-0.00139039927783291,-0.00139039927783291,0.00990690105820262,3.79793276915649,20.6312688318286
"155",0.00628457679419563,0.000770910430581306,0.000770910430581306,0.0158252128850121,0.00189531266727466,-0.00259653537504281,-0.00259653537504281,0.00693122399909763,4.16728140467314,20.02894945599
"156",0.00849686963337658,-0.00283709377465424,-0.00283709377465424,0.0256639769394816,0.00225149888260898,-0.000742321834761417,-0.000742321834761417,0.00354845109244788,4.1451565016834,20.7497429528536
"157",0.00412470068806643,-0.000562269504296609,-0.000562269504296609,0.0224023504558202,0.00235251082188006,0.000751357550227427,0.000751357550227427,0.0121233994852249,4.0884573364524,19.3750401304732
"158",0.0394702185619294,0.000611198557242898,0.000611198557242898,0.011782318040588,0.0149827676307382,0.00141147951321074,0.00141147951321074,0.00900570310552323,4.15236447572516,20.037015843542
"159",0.00678741592847034,0.303545735003686,0.303545735003686,0.154571151038918,0.0035695831759932,0.0206519837311057,0.0206519837311057,0.0226114990342633,3.94567328680471,19.0721958156991
"160",0.00435757370111168,-0.000252300933337612,-0.000252300933337612,0.0113110200277471,0.00673350987886545,0.00630373918099975,0.00630373918099975,0.00375202984191861,3.8884576764808,19.5616889585926
"161",0.00544489125285723,-0.00640243615455804,-0.00640243615455804,0.0206946871059758,0.00225238126961817,0.000547568847054758,0.000547568847054758,0.00804180793262071,4.26706486297429,20.6814946417324
"162",0.0066533593451205,0.00895489207620204,0.00895489207620204,0.021616133075569,0.00382710276236004,-0.000287844725508746,-0.000287844725508746,0.0036024980623155,4.1237592985483,20.1493141375531
"163",0.0100395506166417,0.00776847441356054,0.00776847441356054,0.0500237367353067,0.00882432585085137,6.93176199995094e-06,6.93176199995094e-06,0.00959689699653509,3.95580992719409,21.2322199944842
"164",0.00608228441008561,0.00142444850625145,0.00142444850625145,0.0100813467507858,0.00552255127248852,-0.000830892913534997,-0.000830892913534997,0.00611498923229188,4.15523759977996,19.7141485081668
"165",0.00424006858536151,0.000451249856195823,0.000451249856195823,0.0221506021405876,0.00787308377435862,0.0343206784631298,0.0343206784631298,0.0102336877446274,4.07010339382418,19.360013361028
"166",0.0052426117779727,-0.00133861759008225,-0.00133861759008225,0.0173148507470407,0.00184055974508511,0.000281771409988613,0.000281771409988613,0.0034946685332031,3.98575671534532,19.5622927586005
"167",0.00856442377293396,-0.026058307485485,-0.026058307485485,0.042831691733958,0.00425752813044164,0.00471544055917994,0.00471544055917994,0.0151579374920332,3.88920874587665,20.0691501565094
"168",0.0113978854638629,0.0007052518977122,0.0007052518977122,0.00880773575416587,0.00374899570510591,-0.00120327805885728,-0.00120327805885728,0.00469906176715301,4.10576583469249,20.6858163409718
"169",0.00599468919382642,-0.00271387554650016,-0.00271387554650016,0.0139113603937158,0.00512517158286231,-0.000122677856667752,-0.000122677856667752,0.0083515407506936,3.99802851722142,19.587468427932
"170",0.0052085993989698,0.00088613255469383,0.00088613255469383,0.0110080340467688,0.00458657316506752,-0.000812252103499611,-0.000812252103499611,0.00331958496222123,4.16557390200775,20.8993511910128
"171",0.0114580813121484,-0.000418716753429083,-0.000418716753429083,0.0303157533292849,0.00633214039906789,-0.00104147670515853,-0.00104147670515853,0.00933986815245561,4.21532551200205,20.9984032867752
"172",0.00518337539289675,0.00178836526613091,0.00178836526613091,0.0183008056610542,0.00387523353293494,0.000344034561172157,0.000344034561172157,0.0133556714746577,4.28934250708601,19.5631347447655
"173",0.00504100125009858,-0.000726181986591024,-0.000726181986591024,0.00741465034931394,0.00718269271327306,1.25767071548766e-06,1.25767071548766e-06,0.00669242597651644,4.252826174559,19.9819124022355
"174",0.0112055342303241,-0.0055500447049619,-0.0055500447049619,0.0256066280276149,0.00526886075654533,0.000415303968152869,0.000415303968152869,0.00570537545553911,4.10252776516499,20.6535513882111
"175",0.00365101910886748,0.00126545958509028,0.00126545958509028,0.0180398398285405,0.00180498774981823,-0.00345184172367138,-0.00345184172367138,0.0061216959075982,4.12971376514421,20.2361233562209
"176",0.00398163729209277,0.000958140965221288,0.000958140965221288,0.0152483376313843,0.00437850655994709,-0.0114687008687132,-0.0114687008687132,0.0188135283935377,4.23023192988051,20.1327012866367
"177",0.00980468826408418,0.00521919939794757,0.00521919939794757,0.01157263655778,0.00507625546561147,-0.000958139982878636,-0.000958139982878636,0.0066989956115589,3.79430305823719,21.1987086136351
"178",0.19263311752316,-0.00617389290995463,-0.00617389290995463,0.0134324057364281,0.0427701864124226,0.0434571797011705,0.0434571797011705,0.00711344522970159,3.69324030279702,20.6983542800434
"179",0.00561001831492469,0.00253973074162794,0.00253973074162794,0.0295867834038602,0.00229970550662333,-0.000512653776929411,-0.000512653776929411,0.00372824624242105,4.09428491263053,21.2393098717336
"180",0.00367215258664122,0.00402374902000141,0.00402374902000141,0.0133548509393762,0.00603138681942283,0.000361852582530853,0.000361852582530853,0.00481054264832716,4.13606768066494,20.2770713799128
"181",0.00481314853698585,0.000932372720483521,0.000932372720483521,0.0145116876329749,0.00722434487625962,0.000512378777491662,0.000512378777491662,0.00488634919172046,4.0478535698928,19.340922071696
"182",0.00984056338011241,-0.00150970443112941,-0.00150970443112941,0.00405376755668885,0.00688081842187855,-0.00166777592306064,-0.00166777592306064,0.00560204453334142,4.03931424074032,20.8309498513481
"183",0.0224021175461942,0.00112838253524727,0.00112838253524727,0.0128507697587423,0.00533032279459201,0.000269723061291249,0.000269723061291249,0.00418705169729142,4.06395507955523,19.9941301320036
"184",0.00616556964756395,0.00131326700486101,0.00131326700486101,0.0135420775412837,0.00235878053228377,-6.42822573533874e-05,-6.42822573533874e-05,0.00614734897323946,4.12203961045276,19.8401228836375
"185",0.00937620147989028,0.0108908821464688,0.0108908821464688,0.0118167437485268,0.00361425821762508,0.000488568680647838,0.000488568680647838,0.00643872037009532,3.96663946730091,20.736235596444
"186",0.00523655447355009,-0.000199899200550524,-0.000199899200550524,0.0138787598800073,0.00464745568708828,-0.00145026955198052,-0.00145026955198052,0.00398061730914878,4.13858657239916,19.7950376414621
"187",0.00699640001212778,0.00251314208331532,0.00251314208331532,0.0409399505322196,0.00474837138757278,-0.00129609023537985,-0.00129609023537985,0.00746610344672304,4.2321190450057,20.285002583001
"188",0.0265574208438327,0.0031253061946559,0.0031253061946559,0.0130290668299543,0.00159496356260394,-0.00043702467676543,-0.00043702467676543,0.00565744169869179,4.16373251223544,20.3242908213108
"189",0.00508952857495725,-0.00736006016312518,-0.00736006016312518,0.00911117631503853,0.00229824335249143,8.73386597544101e-06,8.73386597544101e-06,0.00527253933162574,4.09661904449988,20.958583308983
"190",0.00803313605879686,-6.08545049520792e-05,-6.08545049520792e-05,0.0417139657537839,0.00480546716287425,-0.0163489049905644,-0.0163489049905644,0.00466091296257258,4.09922853605549,19.9857734335924
"191",0.00885736258121293,-0.00449795028308564,-0.00449795028308564,0.0110430078272696,0.00361042610371174,0.000433651140519187,0.000433651140519187,0.010305134664291,4.07301696080398,19.8724692859787
"192",0.00630871461141011,-0.00284549238105347,-0.00284549238105347,0.0067972080144361,0.00385290661719275,-0.00133299332019815,-0.00133299332019815,0.00738571904974756,4.07206277367881,20.6496112464696
"193",0.00438058092523697,0.0010897555406606,0.0010897555406606,0.025211063908506,0.00366634420045271,-0.000887859865867202,-0.000887859865867202,0.00412601391464247,4.02744369056724,20.0770958119452
"194",0.0280103786146553,0.0456026879543616,0.0456026879543616,0.0121437508241594,0.00212236208750427,-0.000815820519986576,-0.000815820519986576,0.00540396144797531,3.14662405982902,19.6552030672064
"195",0.00562580914768545,-0.000478636200873517,-0.000478636200873517,0.00666089067750942,0.00664924800722804,-0.00124547576521761,-0.00124547576521761,0.0108568667234814,4.24130338764918,20.0755331990816
"196",0.00501666589165884,0.00369260048281017,0.00369260048281017,0.0533870451490942,0.00449555766211399,0.00159135948101363,0.00159135948101363,0.00701049659191449,4.27667456973805,20.0256969921861
"197",0.00362414502592225,-0.000586315815577443,-0.000586315815577443,0.0142729606745927,0.00318401259013105,-0.00124988411518787,-0.00124988411518787,0.0143259363461115,4.31810448228579,20.5722651914127
"198",0.0057307560433944,0.000406501624207634,0.000406501624207634,0.0345988750098315,0.00218080100055993,-0.000618486531227758,-0.000618486531227758,0.00358686585990701,3.97350449863825,20.8387713173948
"199",0.00540258868800365,0.00052607671895577,0.00052607671895577,0.00836213420674431,0.00491464601351287,0.00120869778080734,0.00120869778080734,0.0115871162062412,4.15450794933885,20.5803757712135
"200",0.00754244762575946,-0.00174384988886001,-0.00174384988886001,0.0282147074693981,0.00339741508069823,0.000125491619362761,0.000125491619362761,0.00244173929560337,3.87176808996717,19.5078151453681
