"","traitmLA.active:traitmLA.active.animal","traitfLA.active:traitmLA.active.animal","traitmLA.active:traitfLA.active.animal","traitfLA.active:traitfLA.active.animal","traitmLA.active:traitmLA.active.round.sec","traitfLA.active:traitmLA.active.round.sec","traitmLA.active:traitfLA.active.round.sec","traitfLA.active:traitfLA.active.round.sec","traitmLA.active.units","traitfLA.active.units"
"1",0.00239132627126799,0.000282785704566496,0.000282785704566496,0.00342460977781591,0.00497865123330332,-0.000202936212185742,-0.000202936212185742,0.00169497824421251,1.36311132469525,1.64752301473903
"2",0.00611589745391871,-0.00324288531775579,-0.00324288531775579,0.00424054596665898,0.00323462872915184,-0.000780389447035214,-0.000780389447035214,0.0039466592700245,1.36484231172481,1.90393218179372
"3",0.00978006595025331,0.00211359260965122,0.00211359260965122,0.00569161481040656,0.00212701129907705,8.8819076158278e-05,8.8819076158278e-05,0.00182772255800581,1.37601000743733,1.7124515060098
"4",0.00930571709743332,-0.00545787752473256,-0.00545787752473256,0.00342055377522959,0.0073921016500893,-0.00101347389282233,-0.00101347389282233,0.00451896262098762,1.30506927537928,1.79993197162471
"5",0.00379561805844365,0.00219511113767551,0.00219511113767551,0.00940291324780141,0.00218135617642744,0.000291538268325689,0.000291538268325689,0.00214331150452006,1.3249759057738,1.68579052645489
"6",0.00346698369315519,-0.000705595084846022,-0.000705595084846022,0.00444374618086818,0.00221563645482983,-0.000756725628287228,-0.000756725628287228,0.00297936612033225,1.40711730468277,1.64333104351708
"7",0.00365192314642935,0.000579824373301591,0.000579824373301591,0.00593877565224683,0.00277699627142658,-0.000580753703133867,-0.000580753703133867,0.00230926752771283,1.45535496056307,2.02481058959215
"8",0.00144414116988251,-0.000163059804319479,-0.000163059804319479,0.00231417707711349,0.00203624980647759,-0.000832230592429081,-0.000832230592429081,0.00435102533386156,1.41813624518158,1.82047853951989
"9",0.00420188161884365,0.00331033708827233,0.00331033708827233,0.0113343339187712,0.00239551100369541,9.77331669899661e-05,9.77331669899661e-05,0.00311055523256355,1.29904236687105,1.75135314417177
"10",0.00315678265791048,-0.000366698336718652,-0.000366698336718652,0.00527497991253306,0.0109023710843507,0.014231855784206,0.014231855784206,0.00605240583654973,1.38253009981473,1.65353804126925
"11",0.00344796466883281,-0.00449143753375059,-0.00449143753375059,0.0037274163784894,0.00674363570809221,0.000148778976206229,0.000148778976206229,0.002521842852726,1.40803099447257,2.10533441864441
"12",0.00712028991612287,-0.000434589148931158,-0.000434589148931158,0.00710136071803505,0.00179244868844032,4.95202791119809e-05,4.95202791119809e-05,0.00458609488846189,1.38398382842488,1.8230176779617
"13",0.00305221438400337,0.000819936221839707,0.000819936221839707,0.00413992964817071,0.00404149444115133,-0.0101924086490166,-0.0101924086490166,0.082919005605807,1.35953163607573,1.86546240041931
"14",0.00598480651494488,0.000380823752773402,0.000380823752773402,0.00378643813228761,0.00385429442113746,-0.000387271528737493,-0.000387271528737493,0.00669798897202724,1.26967228671717,1.6569472718736
"15",0.00546349329000934,-0.0055736086585173,-0.0055736086585173,0.00808867790266972,0.00154547619629164,-0.000805681199530658,-0.000805681199530658,0.00304741218004631,1.27321801316347,1.8088523514187
"16",0.00863975742530837,-0.000659465448524604,-0.000659465448524604,0.0033335621398704,0.00271213215533421,0.000397738828745643,0.000397738828745643,0.00714107596184869,1.37042379043209,1.82021096995809
"17",0.00520318083063811,0.000630568112679253,0.000630568112679253,0.00511929817836459,0.00401522359266306,0.00126938289023611,0.00126938289023611,0.00163469098889677,1.43579198786444,1.72950857502751
"18",0.00485457800495358,-0.000176479516333539,-0.000176479516333539,0.00423022230351504,0.00191408706700584,-0.00025432465904883,-0.00025432465904883,0.00216681712204883,1.41552046161187,1.80086610859164
"19",0.00386229569945217,-0.00285975977058506,-0.00285975977058506,0.00395546724942099,0.00176753671408631,-0.00437955359454057,-0.00437955359454057,0.00256931325056672,1.38505008314798,1.81476744788559
"20",0.00353387637058834,0.00192716128128553,0.00192716128128553,0.00644712989729654,0.00614910868963798,0.00234522077562239,0.00234522077562239,0.00288878237038045,1.41246595303849,1.62633914124118
"21",0.00639560533317723,-0.00509344502617304,-0.00509344502617304,0.00843486076619531,0.00318753581841412,0.000323131255958488,0.000323131255958488,0.00273167205469083,1.25807031122665,1.78300222092091
"22",0.00295623885725867,-0.000371256520903085,-0.000371256520903085,0.00512211806423062,0.00774264965865228,0.000265747115410178,0.000265747115410178,0.00605989937676231,1.28607553906717,1.71355988888558
"23",0.00375648780925259,-0.000707582305635501,-0.000707582305635501,0.00353071365205186,0.00529756216786395,0.000268325381935469,0.000268325381935469,0.00346541739895154,1.39886961413607,1.90660452487053
"24",0.00488420714249845,0.00948116913639291,0.00948116913639291,0.0184718760024864,0.00127746729026474,0.00152382528195091,0.00152382528195091,0.00292326895966789,1.41238858058763,1.82074966655731
"25",0.00469956919277357,0.00406336083826347,0.00406336083826347,0.00471034924104185,0.00120791042763379,0.00285049145632876,0.00285049145632876,0.00372320375562808,1.38316540728764,1.86442292039676
"26",0.00342748523022461,-0.000425071262092347,-0.000425071262092347,0.0115417950488576,0.00237690163725007,1.02329341211821e-05,1.02329341211821e-05,0.00449854063389158,1.41411722643066,1.72425597617047
"27",0.00314136914495741,-0.00206971345256915,-0.00206971345256915,0.00363391634899398,0.00325858795416155,-4.17228504082101e-06,-4.17228504082101e-06,0.0030223802117835,1.40972921114291,1.84729938355983
"28",0.00570998835053031,-0.000576451331031375,-0.000576451331031375,0.00609517885975156,0.00364949293660222,0.00366725781259802,0.00366725781259802,0.00362826660844116,1.36967778074768,1.80974406892929
"29",0.00327102693599394,-0.00220211135906245,-0.00220211135906245,0.00508902110625797,0.00306121840163083,0.000290435581706272,0.000290435581706272,0.00269019831346635,1.3335986984186,1.65595793494235
"30",0.0119857680247436,-0.0273286367311428,-0.0273286367311428,0.0176234829670265,0.00336088290618024,0.000922381946620712,0.000922381946620712,0.00497900200833591,1.31723131304773,1.8509189381922
"31",0.00256198192731257,-0.000125947090156231,-0.000125947090156231,0.0783854227559301,0.00237811234780887,-0.000825828531647671,-0.000825828531647671,0.00179076467104276,1.4758677028623,1.68271157540027
"32",0.00351595888744052,-0.00525581432304342,-0.00525581432304342,0.00536099749625845,0.00297309221066473,-0.000510512614593256,-0.000510512614593256,0.00288148887546286,1.25702122893613,1.57433181989707
"33",0.00378235354463461,0.000289095942421269,0.000289095942421269,0.00312250731704451,0.00142340459078601,0.00242626462939834,0.00242626462939834,0.00351396793864319,1.38665497126088,1.69749814822109
"34",0.00292084342776191,0.00268298128827804,0.00268298128827804,0.006883795491828,0.00219129080222154,-0.00225907674090754,-0.00225907674090754,0.00202531276356602,1.43850083688095,1.70460172935239
"35",0.0056207378193059,-0.00243235143946324,-0.00243235143946324,0.0042159686243612,0.00412316767718634,0.00226963905164945,0.00226963905164945,0.00398806864703338,1.357470114958,1.62326447370266
"36",0.00281218003462952,-0.000110168739829719,-0.000110168739829719,0.00466085344424894,0.00388056676553459,0.000846701515826012,0.000846701515826012,0.00143796084531854,1.26064261175533,1.8976977791158
"37",0.0039358419024794,0.000216498540395155,0.000216498540395155,0.00360637805673164,0.00195896721265829,0.00333693219778929,0.00333693219778929,0.00808894933362411,1.35666277500858,1.73091905789572
"38",0.00417133875709972,-0.000493011360821694,-0.000493011360821694,0.00669535655157024,0.00218706443949256,0.000154050221075966,0.000154050221075966,0.00334838727870689,1.30996051710224,1.69904165965711
"39",0.00229904592287427,-0.000179280162100726,-0.000179280162100726,0.00294648974363081,0.00227932067319743,-0.000522388315413347,-0.000522388315413347,0.00170942287996358,1.39643404724856,2.04529672876751
"40",0.0046862453647688,-0.00194043169407865,-0.00194043169407865,0.0106345725561712,0.00216458943265394,0.000978563496869159,0.000978563496869159,0.00235531527581644,1.32119249561911,1.65746903010951
"41",0.00306811549231453,7.28353441612484e-05,7.28353441612484e-05,0.0031285243290311,0.00284972212126938,-0.00150399818841995,-0.00150399818841995,0.00212943965962187,1.45608119300392,1.85252257221379
"42",0.00385111892969793,0.00130021306813299,0.00130021306813299,0.00668425091401528,0.00375547989258036,-0.000586226733540723,-0.000586226733540723,0.00161437549557496,1.30947638472768,1.65917788749247
"43",0.00273958637288005,-0.000663405715139787,-0.000663405715139787,0.00508800419940417,0.0028498277301781,0.000247490553922584,0.000247490553922584,0.00166943632106689,1.30949744516761,2.02047917405922
"44",0.00219542973796645,-0.00412546616410864,-0.00412546616410864,0.0132242947710985,0.00220943525360709,-0.0005462374192272,-0.0005462374192272,0.00353837137084941,1.34819069082125,1.36976416072026
"45",0.00250272316042914,0.000883301054154795,0.000883301054154795,0.00965829898643454,0.00170842106333608,-0.00073149960506104,-0.00073149960506104,0.00326955696456499,1.26017417410293,1.67644071316297
"46",0.00149010718987653,-7.99137867254635e-05,-7.99137867254635e-05,0.00149503697425491,0.0017338632895195,0.00112463945361345,0.00112463945361345,0.00891278000963886,1.39546277997224,1.91191634303767
"47",0.00520670416685953,-0.000753249925055044,-0.000753249925055044,0.00299139749697585,0.00157525753306855,-0.0018564808334423,-0.0018564808334423,0.00315681621673188,1.33788919275451,1.75637426523761
"48",0.0044559119478845,-0.00286853204827905,-0.00286853204827905,0.00474896273367634,0.00143665693284845,-0.000755012350156438,-0.000755012350156438,0.00238415900891727,1.39335295431698,1.98556213012994
"49",0.00313329483031639,-0.00228841428133431,-0.00228841428133431,0.00413049198339708,0.00188711689894941,0.000137463408078603,0.000137463408078603,0.00577220280761288,1.35698332340384,1.89230776714229
"50",0.0061273389511191,0.0189613049715481,0.0189613049715481,0.0117954237510878,0.00488309043143234,0.000222918411061382,0.000222918411061382,0.00340715647738178,1.17677957124876,1.6737700973273
"51",0.00283579161988026,0.00137935096307726,0.00137935096307726,0.00521831368863355,0.00149325134036953,-0.000355148349202222,-0.000355148349202222,0.00261104621649437,1.49988543978786,1.9416151099649
"52",0.0117019810125027,0.00158255629156773,0.00158255629156773,0.00461608114096857,0.00168237716543694,-0.00356798818004861,-0.00356798818004861,0.00507922699242985,1.33213725159989,1.72257035924825
"53",0.0130837790076746,-0.000530899400842721,-0.000530899400842721,0.00514700148448552,0.00295591292807514,-0.000510795692412108,-0.000510795692412108,0.00227910408431157,1.23461841410711,1.85469424286804
"54",0.00356866145655338,0.00146911642285763,0.00146911642285763,0.00611485438322413,0.00240866700121757,-0.000347859253784708,-0.000347859253784708,0.0010836601440823,1.34931452293926,1.82403806990301
"55",0.00393378214131187,0.00164720957402292,0.00164720957402292,0.00195358408998105,0.00242246782731605,0.000738053975959038,0.000738053975959038,0.00290530302633211,1.46206107323283,1.78240598953247
"56",0.00401500717649951,0.000805034647259173,0.000805034647259173,0.00858749488593259,0.00312965502656159,-0.00167105540320561,-0.00167105540320561,0.00354013241124398,1.36290799176745,1.64412597669748
"57",0.00371249405630458,-0.00122559353115137,-0.00122559353115137,0.00595534801361653,0.00109534595028963,-0.00306936029938136,-0.00306936029938136,0.0022234821385679,1.27876299194773,1.4828333563912
"58",0.00494925586336618,-0.00114604040403843,-0.00114604040403843,0.0655576109258303,0.003778900151976,4.63252624003097e-05,4.63252624003097e-05,0.00203606790022877,1.32112151530379,1.66454522520383
"59",0.00406734357388464,-0.130565442827807,-0.130565442827807,0.0140000033450333,0.00137412386897795,9.43961728908926e-05,9.43961728908926e-05,0.00278356460409719,1.21279193353476,1.60029381048575
"60",0.00367890811073358,0.00312750497683212,0.00312750497683212,0.00659104717735721,0.00211447939668028,-0.000488113499859263,-0.000488113499859263,0.00248696923840581,1.36032506631254,1.68125937256178
"61",0.00187944764769241,0.000725078878607593,0.000725078878607593,0.00664735333286541,0.000956761742376593,0.000668447505497979,0.000668447505497979,0.00524833911129647,1.46464226178078,1.86495873027319
"62",0.00521971071003779,0.00625456851330425,0.00625456851330425,0.0210048599641863,0.00310606112002805,-0.00058676953576621,-0.00058676953576621,0.00638051722021213,1.35743157237198,1.70734457213586
"63",0.164358162477854,0.0266191022013389,0.0266191022013389,0.0179950732570938,0.0106433102683835,-0.00142459545779745,-0.00142459545779745,0.00574509518023517,1.09831408007311,1.60225411100077
"64",0.00267219557684172,-0.000435756491640515,-0.000435756491640515,0.00403228092135532,0.00286863670043561,2.94559361594809e-05,2.94559361594809e-05,0.00251038356957536,1.20151815155795,1.86046927088659
"65",0.00489511205629191,0.00155254565854901,0.00155254565854901,0.00804724687098006,0.00539713572247484,0.0016997671481085,0.0016997671481085,0.00242946179250474,1.18359653049714,1.74970268783489
"66",0.00205507500566671,0.00384676223356872,0.00384676223356872,0.0154307455763737,0.00137300121084127,-0.000426302551590332,-0.000426302551590332,0.0029607234285115,1.34897272277541,1.80398687994978
"67",0.00297456449564841,-0.00106236398538664,-0.00106236398538664,0.00392358079805597,0.000947053966256403,-0.000604785621606554,-0.000604785621606554,0.00220216797173259,1.40531670271478,1.79533932566772
"68",0.463893551091266,0.0057032788912203,0.0057032788912203,0.00437108097813364,0.00179806180450083,-0.000638672039761951,-0.000638672039761951,0.0022416138459871,1.20005195212109,1.58379670522153
"69",0.00252555427317691,-0.00111501431220054,-0.00111501431220054,0.0050103591342127,0.00787692564288436,-0.00121951390097649,-0.00121951390097649,0.00337039484546741,1.23510932913896,1.80508842188153
"70",0.00380741844364672,-0.00831091830976932,-0.00831091830976932,0.00496971213391022,0.00249094172146717,-3.23686332585338e-05,-3.23686332585338e-05,0.00471256656199215,1.39547167897441,1.75799660676043
"71",0.00268432222872259,0.00135172362322927,0.00135172362322927,0.0036136295843127,0.00197616518153864,-0.000638251474410156,-0.000638251474410156,0.00214763753912598,1.41891982827369,1.89957027428042
"72",0.00444100982888514,-0.021756187671356,-0.021756187671356,0.00823839352398346,0.00719430272432324,-0.00168633055215633,-0.00168633055215633,0.115055488492183,1.28930387527256,1.80183576240382
"73",0.0105011422919997,0.000228085104088505,0.000228085104088505,0.0034132672043014,0.00301456813112122,0.00152838010336424,0.00152838010336424,0.00248950538344387,1.45385383802147,1.6647650860331
"74",0.00306857580952413,5.97470430386826e-05,5.97470430386826e-05,0.00433129523231095,0.00172981456189406,0.000566092014744474,0.000566092014744474,0.00144944184178285,1.40746281323736,1.78639331291213
"75",0.00166349820998167,-0.00275876767729627,-0.00275876767729627,0.0179548747883674,0.0023601179702234,-0.000313322241138891,-0.000313322241138891,0.00327776125909649,1.52053392171806,1.39391880226638
"76",0.0045642432420636,-0.00126504213562001,-0.00126504213562001,0.00304992108133923,0.00304854058702247,0.000868629211566302,0.000868629211566302,0.00312043164520581,1.29883352271847,1.93427402997856
"77",0.00758987174044908,-0.00246191218578712,-0.00246191218578712,0.00906435010367924,0.00448530904016058,0.00171826618814416,0.00171826618814416,0.00676710202966352,1.34998311086436,1.51653077015706
"78",0.00343814936619252,-0.00106349688374241,-0.00106349688374241,0.00445971102552147,0.00284143709521035,-0.00139918602217191,-0.00139918602217191,0.00227145659306382,1.26629029563415,1.78443790972986
"79",0.00674769977382107,-0.00165480698236059,-0.00165480698236059,0.00555942301388076,0.0107698740083451,0.00244442348477254,0.00244442348477254,0.00491044187870892,1.32475692152119,1.88940602679067
"80",0.00466781579492095,0.000862678590322963,0.000862678590322963,0.0121642666180671,0.00213938993301439,0.000142760917467233,0.000142760917467233,0.00785438118790193,1.30416713426145,1.76290889515015
"81",0.00566262694961807,-0.000998492154716035,-0.000998492154716035,0.0058657989842042,0.00208889734018026,-0.000374416160733068,-0.000374416160733068,0.00232105888714534,1.14061891223355,1.80428951194696
"82",0.0733047148397259,-0.000466176886907532,-0.000466176886907532,0.00538923165467388,0.00297757837254041,-0.00105967667338933,-0.00105967667338933,0.00247838759707629,1.26038802636595,1.67449660178003
"83",0.00407720256245323,0.0014606379948042,0.0014606379948042,0.0019268697307103,0.00296962015277623,3.20568501704643e-05,3.20568501704643e-05,0.00295329204624519,1.3360323814153,2.06618943490105
"84",0.0164965332575614,0.0954034687990041,0.0954034687990041,0.0139856548055497,0.00201391505501887,-0.00167771480401113,-0.00167771480401113,0.00777851153588428,1.32227052706718,1.43391571422081
"85",0.00791588168384086,0.00237162296386662,0.00237162296386662,0.00714401433437275,0.00852162448656712,-0.00141491581402894,-0.00141491581402894,0.00412091643126084,1.29706885491227,2.02644877227695
"86",0.00515118973391945,0.00082118746907528,0.00082118746907528,0.00656946933805366,0.00354348945923395,-0.000874944483523432,-0.000874944483523432,0.00192205416491211,1.3189612692618,1.82301948011632
"87",0.00331831301106454,0.00177168863886362,0.00177168863886362,0.00431529897334971,0.0019765976598228,0.000375197300736027,0.000375197300736027,0.00297339543230237,1.35462585895116,1.84264327798036
"88",0.00323307940919904,0.00108807640257766,0.00108807640257766,0.00482374459456271,0.00287006326368541,-0.00015709424279084,-0.00015709424279084,0.00348593402368741,1.26840622833198,1.73301952526935
"89",0.00385754621230769,-0.000217219402982749,-0.000217219402982749,0.0038262079084588,0.00126849076666154,0.000105851938029825,0.000105851938029825,0.00163114951797102,1.37459120885269,1.85630034568347
"90",0.276063332303722,-0.00876174503736882,-0.00876174503736882,0.00466823160833738,0.00645823558585003,-0.000249448560503629,-0.000249448560503629,0.0019458036777732,0.986384631589425,1.67469407296758
"91",0.0025229831982872,-0.00255255864162873,-0.00255255864162873,0.00931416052597028,0.00126730688942568,-0.000149947199468051,-0.000149947199468051,0.00186201283351452,1.42304129018952,1.73384655587163
"92",0.0134454147254109,0.00927586323350299,0.00927586323350299,0.0173133746238541,0.00271792782742141,-0.00047380056500268,-0.00047380056500268,0.00387941170985293,1.18592549344887,1.74097517390922
"93",0.00394339652169214,0.0122545143520187,0.0122545143520187,0.00586573187924425,0.00217813915507264,-0.000777906178588861,-0.000777906178588861,0.00196653323802394,1.39993524965188,1.7369287920103
"94",0.00496925797021512,-0.00685137922737616,-0.00685137922737616,0.00781081033476378,0.00312486771030461,-0.00157725495197175,-0.00157725495197175,0.00392208688334994,1.43437851223276,2.02424694721529
"95",0.00660124905720827,0.000134488525563026,0.000134488525563026,0.00784425059839814,0.00290588764213184,0.0050928716859502,0.0050928716859502,0.00353580135479525,1.38694768684436,1.70157795105119
"96",0.00275985797723432,0.000464530517197193,0.000464530517197193,0.00447227674281023,0.023403843256609,-0.00116465394720805,-0.00116465394720805,0.00298265453278457,1.4396268724314,1.93394718935623
"97",0.00392929397684123,-0.00195312868533615,-0.00195312868533615,0.00409642350208996,0.00180782064360469,0.00174423888937508,0.00174423888937508,0.00207909483839953,1.32541292271009,1.87466161099658
"98",0.00529331604948923,-0.132527854172121,-0.132527854172121,0.0102694135089168,0.00581182299561707,-0.000154871003193502,-0.000154871003193502,0.00283461411496103,1.21300990469397,1.62374293589726
"99",0.00348270790840154,0.00178070404816993,0.00178070404816993,0.00327964740214333,0.00428372584294638,0.000152463103097751,0.000152463103097751,0.0046165638675285,1.23771592179902,1.77415390676854
"100",0.00448463345489145,0.00766104531293521,0.00766104531293521,0.0078127974420174,0.00336871795934753,-0.00326559200754092,-0.00326559200754092,0.0161119266812892,1.32530070504869,1.78546741018581
"101",0.00606552895733955,-0.0010310342679562,-0.0010310342679562,0.00232583708342911,0.00133433235417108,0.00215000281634951,0.00215000281634951,0.0033095520296037,1.29439192801376,1.84266815982828
"102",0.00405165764569455,-0.00445775567628653,-0.00445775567628653,0.00264686829184163,0.00183198583657664,0.000242452001864235,0.000242452001864235,0.00521993278721424,1.25847505002425,1.88754894507733
"103",0.0038026328773903,0.000145625216379786,0.000145625216379786,0.00319782434309213,0.00336257670104625,-0.0116872140768635,-0.0116872140768635,0.00284111560970131,1.35543362940584,1.78414690595411
"104",0.00296139706878057,0.00268019245529344,0.00268019245529344,0.00591356406538567,0.0033753662076581,0.00125916557616653,0.00125916557616653,0.00191358080495336,1.53410200454378,1.76002308036275
"105",0.00500212186242691,-0.0014925628895462,-0.0014925628895462,0.0116793165118717,0.0037422131277957,-0.00209295768946238,-0.00209295768946238,0.00233640505297661,1.26500060145539,1.73042470477798
"106",0.00329151985804761,-0.000463319201390533,-0.000463319201390533,0.00637278939029592,0.0051410006248567,0.000335420251776297,0.000335420251776297,0.00369001190619259,1.22943633453874,1.57515734412912
"107",0.00518333376388,-0.00120875026107928,-0.00120875026107928,0.00423406305669562,0.00289918874364297,0.000305244591745163,0.000305244591745163,0.00280280909693839,1.36712083071255,1.80465805668975
"108",0.0069270012619301,0.053359281830176,0.053359281830176,0.00449781017763726,0.00221997080037216,0.000415756162971667,0.000415756162971667,0.00332144558748838,1.28809380795594,1.96396814996041
"109",0.00487753993234783,8.71796425945814e-05,8.71796425945814e-05,0.00181281717621908,0.0021435454073898,-0.00131465430198818,-0.00131465430198818,0.00522230129969056,1.36239288798156,1.76515652938165
"110",0.00313637347377992,-0.00034282427172494,-0.00034282427172494,0.00499225951930756,0.00218856708308659,0.000103242593238392,0.000103242593238392,0.00176602932211912,1.45709476373376,1.94158504717412
"111",0.00488404734596184,0.000866678152327827,0.000866678152327827,0.00539582992117479,0.00264105933771703,0.000193676330378229,0.000193676330378229,0.00222694518842381,1.40042698831185,1.69261349463947
"112",0.00805935328529823,-0.000827090537007691,-0.000827090537007691,0.00704540761916753,0.00421640591478435,0.000818080673915686,0.000818080673915686,0.0011274178907019,1.41666204312062,1.76906563224776
"113",0.00416866984829742,0.00232888495815883,0.00232888495815883,0.00461485288431871,0.00188564498512797,0.000889514619430765,0.000889514619430765,0.00381649480151134,1.41062617098745,1.71825343844285
"114",0.0108635375453566,-0.010144835727023,-0.010144835727023,0.0113842927157922,0.00347918113543902,0.0432959414323421,0.0432959414323421,0.0156113247978661,1.20525433555531,1.78293758973604
"115",0.00292074706839401,-0.00181786137180107,-0.00181786137180107,0.0063138829148718,0.00182760815068127,-0.000160094560832991,-0.000160094560832991,0.0066608610757879,1.34761185650511,1.87474950840231
"116",0.00731678884582762,-0.000281202949353909,-0.000281202949353909,0.00426707038594978,0.00290158877795688,-0.000110459116542672,-0.000110459116542672,0.00405389535417168,1.22714363536063,1.82134637612367
"117",0.00440293149939917,0.00117763634159929,0.00117763634159929,0.00441873676670316,0.00211590106344109,0.00153693301345824,0.00153693301345824,0.00311020815586324,1.35405124035095,1.78197511892743
"118",0.00863325048292741,0.0028150522601216,0.0028150522601216,0.004622526497443,0.00193898998883995,0.000775468823647193,0.000775468823647193,0.00442337137633106,1.41253989360742,1.64603702789947
"119",0.00546916832579397,-0.00990021396687929,-0.00990021396687929,0.00612789545367322,0.00146226166992959,-0.000134891992252056,-0.000134891992252056,0.00209797931882546,1.34509835973807,1.6380576390981
"120",0.00446849934696804,-0.00158742946128695,-0.00158742946128695,0.00818201333910189,0.00551739547115321,-0.00236466541777644,-0.00236466541777644,0.00198576754768483,1.29432913634303,1.72471344973055
"121",0.00370788746360598,-0.00155277994068947,-0.00155277994068947,0.00260055577757221,0.0031245706569585,0.00144996544265869,0.00144996544265869,0.0047268161213884,1.31753742945969,1.80016056037834
"122",0.00373092103434709,0.0081517847052226,0.0081517847052226,0.0113323210816021,0.0262086448948395,-0.00703679379433073,-0.00703679379433073,0.00684557738935418,1.4508917562431,1.46713097416115
"123",0.00372517222243619,-0.00334498047472837,-0.00334498047472837,0.00553217613981644,0.00190617246121025,0.00187576610627993,0.00187576610627993,0.00430084996109797,1.3023515906935,1.7614807885464
"124",0.00761381473141209,-0.0023160564812103,-0.0023160564812103,0.00584460432605408,0.00613708223679008,-0.000688604780144625,-0.000688604780144625,0.00245253392493153,1.19072950498835,1.69642020040193
"125",0.00351143510734555,-0.00104356798922542,-0.00104356798922542,0.00672115095922613,0.00386334234286298,-0.000472748777806481,-0.000472748777806481,0.00251615566358435,1.44000649528921,1.75823399584774
"126",0.00401813959991022,-0.0155797566680865,-0.0155797566680865,0.00597216370696419,0.00245485443166379,-0.000308273037105788,-0.000308273037105788,0.00367511550816993,1.17991695509339,1.84470310262959
"127",0.0012906181016071,-0.00101181426478367,-0.00101181426478367,0.00552175709486695,0.00600823971384145,-0.00234788884298663,-0.00234788884298663,0.00198371103021797,1.45937962141673,1.86336712829727
"128",0.00390709263049151,-0.00104639368407422,-0.00104639368407422,0.00265988876638091,0.00260865113970247,-0.001375378345639,-0.001375378345639,0.00221225767535667,1.38539907356018,1.81373099895935
"129",0.00487023136428263,0.00159372226541832,0.00159372226541832,0.0135625825088489,0.00561345996711755,0.000134594846220359,0.000134594846220359,0.00284812842463117,1.39360861274797,1.83132345154504
"130",0.00408766854600829,0.00162177802048027,0.00162177802048027,0.00692363659140843,0.00457960959366755,2.81443095551392e-05,2.81443095551392e-05,0.00212119647977432,1.53842869072913,1.78018504203296
"131",0.00427582678238151,-0.00144468080053828,-0.00144468080053828,0.00629027707170502,0.00144438258591505,-0.000101743330454096,-0.000101743330454096,0.00390268180319076,1.38555950470166,1.76315414035171
"132",0.0030252933742032,0.00041796504707825,0.00041796504707825,0.00308615472145008,0.0012143721366266,0.000645928663466785,0.000645928663466785,0.00221475423761138,1.4906732925551,1.85999780093354
"133",0.0169362374176201,-0.0020785726263568,-0.0020785726263568,0.0333812419626399,0.0034732539700356,-0.0015433767717993,-0.0015433767717993,0.00489146618125548,1.41978414581088,1.58903161768057
"134",0.00411908448231511,-0.000314305097479262,-0.000314305097479262,0.0033389617894383,0.00577816948066862,-0.00441401788790284,-0.00441401788790284,0.005488181750092,1.26952754193463,1.74610199017734
"135",0.00516045540416323,0.000983165645548734,0.000983165645548734,0.00982996133981444,0.00354036452536114,-0.00189462884769154,-0.00189462884769154,0.00230872963235546,1.25671187902861,1.76244475718331
"136",0.00587830973196366,-0.000484487062481664,-0.000484487062481664,0.00608087424644277,0.0023403522598601,0.000481381422199778,0.000481381422199778,0.00166207605861741,1.41697737715969,1.89136287846548
"137",0.00478317445672814,0.0954732347883442,0.0954732347883442,0.0238059508439992,0.00538997410223348,-0.00177101690440434,-0.00177101690440434,0.00358725841774084,1.26958933676933,1.48260752585562
"138",0.0028967247082514,-0.000207910255440535,-0.000207910255440535,0.00340452532238685,0.00247393849061504,0.0020202992032968,0.0020202992032968,0.0038969698798194,1.37073973882146,1.73746574560828
"139",0.005422361127319,-0.00141368718303514,-0.00141368718303514,0.00301908693215497,0.00421191353545402,-0.00282928274997196,-0.00282928274997196,0.00529641580757124,1.28267840031622,1.8796514728489
"140",0.007692131552943,0.000828871718719482,0.000828871718719482,0.00379532576900061,0.00245085710894907,0.000405315224013297,0.000405315224013297,0.00601461949848064,1.4973311463771,1.88826379137995
"141",0.00516154602902608,-0.00175328693265109,-0.00175328693265109,0.00451845819350896,0.00661668838797624,-0.00235671132427978,-0.00235671132427978,0.00456532571676705,1.35301616652954,1.77711785203975
"142",0.00464447003577876,-0.000153047535929485,-0.000153047535929485,0.0158647523283039,0.00296343720749724,-0.000282931959479135,-0.000282931959479135,0.0132830063225646,1.36804156382556,1.21986619241397
"143",0.00271508584832971,-0.00100819749080334,-0.00100819749080334,0.00330982329503807,0.00334727912657548,-0.000760890341292675,-0.000760890341292675,0.00349964542433669,1.36566217076176,1.80335615887859
"144",0.00218331776538932,-0.00037800663969606,-0.00037800663969606,0.0061695026845087,0.0032803005519891,-0.00127638892373359,-0.00127638892373359,0.00224545649120504,1.4901623791795,1.78932613808328
"145",0.00609809347184753,0.000148430158551704,0.000148430158551704,0.00830478285638876,0.00579890240555824,-0.016682987527786,-0.016682987527786,0.384647944813906,1.22577474824028,1.5967064042465
"146",0.00632028728660422,0.00129377076897966,0.00129377076897966,0.00650859340424155,0.00132285183129316,0.000159579153522164,0.000159579153522164,0.0021272418211484,1.35748269552125,1.65723075388923
"147",0.00340293151973765,-0.000173636196206195,-0.000173636196206195,0.0029707591595249,0.00400484003508851,-0.00265632543292382,-0.00265632543292382,0.00186999167371371,1.30629053750556,1.82646470684175
"148",0.00466582405458695,-0.0005030709942489,-0.0005030709942489,0.00522845313616256,0.00191855682302942,-8.06770234057508e-06,-8.06770234057508e-06,0.00277961320874026,1.42487603777565,1.69575961606149
"149",0.00595290962071348,0.000497716449815444,0.000497716449815444,0.00427231357118311,0.00311355390684264,0.000229495329160931,0.000229495329160931,0.00205437154566573,1.37714157270183,1.7249308864658
"150",0.007551499720843,-0.00326559894852765,-0.00326559894852765,0.00493287061184165,0.00232587698365866,0.000999725115178804,0.000999725115178804,0.0057981360795451,1.26979611783188,1.8153105226714
"151",0.00326191798549773,-0.000196319188427552,-0.000196319188427552,0.00355973255433366,0.00241932867316362,0.000695569412297793,0.000695569412297793,0.00331045405479785,1.43796734811566,1.88607533429526
"152",0.00567823476621783,7.02570072313446e-05,7.02570072313446e-05,0.00481425122985511,0.00240454861265859,-0.000501856342995433,-0.000501856342995433,0.00258454415873936,1.31259397993972,1.88433037188103
"153",0.00926635434645409,0.00829071029600581,0.00829071029600581,0.00679234778493333,0.00480627277849033,0.000362052433138998,0.000362052433138998,0.00249815907025868,1.37744570954891,1.70707588348217
"154",0.00601987187344509,-0.000198338399433118,-0.000198338399433118,0.00314495689539982,0.00257593518547533,-0.00100134537923868,-0.00100134537923868,0.00145235392099161,1.42047240231227,1.91178154757324
"155",0.00308467550125292,-0.000654136946317385,-0.000654136946317385,0.00436187184239236,0.00183851241137083,-0.000896954141933332,-0.000896954141933332,0.00484235050816474,1.24560706982009,1.87446472997217
"156",0.00386865672704607,0.00446655457103928,0.00446655457103928,0.0107117862045703,0.00434154686021097,0.000906960648674113,0.000906960648674113,0.0017441602022967,1.20546510117851,1.74939224369589
"157",0.00413289927271638,-0.000379190216648673,-0.000379190216648673,0.0054610914543679,0.00431883822209409,0.000797831980900165,0.000797831980900165,0.002129942266243,1.32820704677405,1.82971786113591
"158",0.115859576697601,0.0161134595862755,0.0161134595862755,0.0073392254681777,0.00182429504883258,-0.000235474370012784,-0.000235474370012784,0.00336102695161827,1.16094129410038,1.76372798403396
"159",0.00334888717002044,-0.000385404706436665,-0.000385404706436665,0.00629705567652067,0.00440432019589604,0.000944232913274917,0.000944232913274917,0.00269774070507216,1.27650282056257,1.90730855486057
"160",0.00321542941030196,-0.00135848126224092,-0.00135848126224092,0.00400602471529494,0.00464833455365468,-0.00889192935708491,-0.00889192935708491,0.00272258651357789,1.33556866460952,1.7537418468735
"161",0.00439679434646962,-0.000367385866386738,-0.000367385866386738,0.00406733066078677,0.00222980090416438,-0.00105598764875617,-0.00105598764875617,0.00296533168518161,1.34241226419499,1.77540639906204
"162",0.0097843931639832,-0.000497762595462026,-0.000497762595462026,0.00289363268929343,0.00148097550043758,0.00261783988255675,0.00261783988255675,0.00260752714482959,1.33521235434952,1.76710645217841
"163",0.00385616024131849,-0.000555947005464824,-0.000555947005464824,0.00178793616057351,0.00290072952158492,-0.00356836019079024,-0.00356836019079024,0.00245967352592365,1.4019499680358,1.92891221003515
"164",0.00572132767870714,0.00588124436563928,0.00588124436563928,0.00526054946141734,0.00205647402449835,0.000339092486136464,0.000339092486136464,0.00432898997446213,1.37729385383317,1.90230764755753
"165",0.00463600839604032,-0.00115230779035963,-0.00115230779035963,0.00238752168921702,0.00572908170168416,-0.00146316418768619,-0.00146316418768619,0.00369717466475434,1.25825979318354,1.67895097969523
"166",0.00439089326945933,-0.000649865398671984,-0.000649865398671984,0.0043347959770597,0.00151761525943041,-0.00125549749196889,-0.00125549749196889,0.00267850712942502,1.39060274422721,1.89970793529188
"167",0.00395752884729797,0.000235912456365228,0.000235912456365228,0.00553032242691544,0.0091813917296928,-0.00223391622281405,-0.00223391622281405,0.00338511625508366,1.35496148274643,1.85973716370818
"168",0.0152155275767881,0.00319005397203026,0.00319005397203026,0.0101971731431452,0.00130009918873691,-0.000958484001353871,-0.000958484001353871,0.00442739721986518,1.26618718073298,1.71036558588133
"169",0.00201457047409751,-4.36624395103169e-05,-4.36624395103169e-05,0.00662970647848183,0.00132196514706338,-0.00063338914651509,-0.00063338914651509,0.00524223526817157,1.37642252026195,1.94818791037668
"170",0.00215566786514459,-0.00159793674552303,-0.00159793674552303,0.0044670823679067,0.0028349539542894,-0.00162113591576456,-0.00162113591576456,0.00197485663764488,1.38937148930997,1.70595238403006
"171",0.00565637126785752,0.000609321089567016,0.000609321089567016,0.00483091310430353,0.00357318327468324,0.00127828957146339,0.00127828957146339,0.00742645843012581,1.2906979591778,1.69734532559115
"172",0.00433466471774913,6.61964489512834e-05,6.61964489512834e-05,0.00657006265620473,0.00268608190829093,-0.00597264522647259,-0.00597264522647259,0.00635210196125311,1.22763762986665,1.73291336589662
"173",0.00497323318734354,-0.00389341713314717,-0.00389341713314717,0.00293505717162886,0.00288109254098328,3.25244358134191e-05,3.25244358134191e-05,0.00276532340728877,1.29053144531385,1.7583824337699
"174",0.00275957096159478,-0.00154957598320463,-0.00154957598320463,0.00292822454209897,0.00186189309696431,-0.000291616039411732,-0.000291616039411732,0.00194204938811777,1.4801348537421,1.89399353947553
"175",0.00609094995973734,-0.00612874993023993,-0.00612874993023993,0.00690528548564796,0.00400315863072252,-0.00233747042928972,-0.00233747042928972,0.00213067240946902,1.3467997812618,1.61327938060975
"176",0.0032873583154312,-0.00050145332826862,-0.00050145332826862,0.00177029535160607,0.0609420703748082,0.0758797526082075,0.0758797526082075,0.125590425835554,1.31398853634679,1.71515843046929
"177",0.0091106471159375,-0.00415882011357899,-0.00415882011357899,0.0341748140638153,0.00171237613904733,-0.000208705133477843,-0.000208705133477843,0.00285277664105519,1.45821073503777,1.60911259400853
"178",0.0119816612152052,-0.000703504895419482,-0.000703504895419482,0.00492477134823267,0.0034696768407468,-0.000691770722843835,-0.000691770722843835,0.00388351205295652,1.4005310015648,1.87821640725728
"179",0.00624891422856461,0.00710118287400072,0.00710118287400072,0.00799596904163343,0.00436825103870599,-0.00149664971879675,-0.00149664971879675,0.00394951978993627,1.233320247204,1.90663485980786
"180",0.00227508470350413,-0.00343725087245739,-0.00343725087245739,0.00194962010726897,0.00284339041962233,-0.000538965711688322,-0.000538965711688322,0.00131443023325469,1.31599943414697,1.98667355149364
"181",0.00300696688095128,-0.000890688998474942,-0.000890688998474942,0.00379742205889775,0.00293582149465253,1.74999501307282e-05,1.74999501307282e-05,0.0033988197712392,1.45682236044954,1.87432821943776
"182",0.004037945799549,7.02797238176511e-05,7.02797238176511e-05,0.00268480247111339,0.00340029104988982,-0.000211791567012662,-0.000211791567012662,0.00260198669468983,1.36885280777739,1.9053397673984
"183",0.00489772327158806,0.0010447134256325,0.0010447134256325,0.00407334061757248,0.00210373428394581,-0.00161938591764893,-0.00161938591764893,0.00158609590362096,1.27845580118324,1.83751327990161
"184",0.00361473251092947,-0.00067985742720672,-0.00067985742720672,0.00792566813586055,0.0015989176863731,5.53711168992804e-05,5.53711168992804e-05,0.00271969873076232,1.36449366461768,1.55919245374785
"185",0.0137377239918013,0.00413256247165517,0.00413256247165517,0.00443013653143738,0.00357126708032908,-0.00224837013350186,-0.00224837013350186,0.00243585990482097,1.25321227750614,1.79350932600741
"186",0.003925346979344,0.000151266343824952,0.000151266343824952,0.00341336668786532,0.00453673132021394,0.00143655196410139,0.00143655196410139,0.00416644186412932,1.34291588230189,1.78962496992813
"187",0.00327828161330857,0.00337822408916033,0.00337822408916033,0.00268854876369547,0.00147980961860084,-0.000427702845035405,-0.000427702845035405,0.00224347436296724,1.48221629360614,1.97206306090949
"188",0.00426290509034448,-0.000299863763572938,-0.000299863763572938,0.00687358854173236,0.00325550940454728,-0.000427955377279909,-0.000427955377279909,0.00453207264662726,1.29620891939989,1.77670430030634
"189",0.0100013846748143,0.00759326069423293,0.00759326069423293,0.0166641463093981,0.00328805246669252,0.000730452907918525,0.000730452907918525,0.00285908443008663,1.39366146951659,1.37441001878881
"190",0.00172894882346722,0.00139128301102931,0.00139128301102931,0.00412736195613594,0.00289048028914146,0.000496812176120451,0.000496812176120451,0.00212413927477052,1.34151622876328,1.73070146987084
"191",0.0132216152122447,-0.00347425489123707,-0.00347425489123707,0.00578579118718041,0.00254637584506633,0.000490334332783726,0.000490334332783726,0.00176536349306754,1.25547486884076,1.82623762468984
"192",0.00540064623166132,0.00252782417221348,0.00252782417221348,0.00347788794739137,0.00163143563704318,0.000702759107424532,0.000702759107424532,0.00141048759935408,1.49482784786276,1.69432839648168
"193",0.00300793973920575,0.000526418154224384,0.000526418154224384,0.00627537272539662,0.00135647915362375,-0.000391192351805236,-0.000391192351805236,0.00327684637230603,1.3648085506065,1.92812077070989
"194",0.0100775088170248,-0.048434083953148,-0.048434083953148,0.130836520033564,0.00109082707605205,0.000828626896413998,0.000828626896413998,0.00508958921155538,1.42206286349424,1.49652213876556
"195",0.00694174276964091,-0.00220449723569222,-0.00220449723569222,0.00780708426751392,0.00372512347144638,0.00182178879641845,0.00182178879641845,0.00130300998173845,1.30744206281843,1.89617721158871
"196",0.00263303970728971,-0.00105257275167264,-0.00105257275167264,0.00906205594260152,0.00834866112198001,0.00407150220673312,0.00407150220673312,0.00451373206955642,1.28320591339271,1.78832530690698
"197",0.00415622448989714,-0.000803162224902426,-0.000803162224902426,0.00521092969841061,0.0033109203746339,0.000477698019129932,0.000477698019129932,0.0061480507080941,1.4010862431335,1.69504657892289
"198",0.00496582044453721,0.000459185646413895,0.000459185646413895,0.00654755420561118,0.0199325482074979,-1.71379954336248e-05,-1.71379954336248e-05,0.0138220964241729,1.37417922050829,1.60716809891674
"199",0.00405545257011441,-0.00130748570601019,-0.00130748570601019,0.00737303359195159,0.00296931236267218,0.000124408635976514,0.000124408635976514,0.00399486825418343,1.44191159363723,1.83559677215337
"200",0.00259910639945145,0.00262942378314526,0.00262942378314526,0.00485828286063847,0.00219223756234059,0.000707790910856917,0.000707790910856917,0.00182256947490165,1.29392753363383,1.76498311836349
