",""traitmDR:traitmDR.animal"",""traitfDR:traitmDR.animal"",""traitmDR:traitfDR.animal"",""traitfDR:traitfDR.animal"",""traitmDR:traitmDR.round.sec"",""traitfDR:traitmDR.round.sec"",""traitmDR:traitfDR.round.sec"",""traitfDR:traitfDR.round.sec"",""traitmDR.units"",""traitfDR.units"""
1,0.173281013965373,-1.08064214220059,-1.08064214220059,6.26051644194751,0.00288739373807127,0.00082914193625977,0.00082914193625977,0.00430315264332162,3.12076951890712,17.9237398056773
2,0.00598729705122874,-0.00349265568065393,-0.00349265568065393,0.0134712535592558,0.00745708168169172,0.00137854989121619,0.00137854989121619,0.0160243638805881,3.20058862160388,23.9535777394366
3,0.00352208815363436,0.00177963271302894,0.00177963271302894,0.0445323550048157,0.00302041854338261,-0.0025453671832682,-0.0025453671832682,0.00589341169481669,3.07817605258329,23.4446837056247
4,0.00553594105212206,0.0371849911554138,0.0371849911554138,0.0619688347070393,0.00761013743649432,0.000107942307111697,0.000107942307111697,0.00826949826852426,3.15927150978095,22.5142253568484
5,0.00925431702832879,-0.0872267775897806,-0.0872267775897806,0.0195706181653007,0.00268226696802725,-0.00258873939059592,-0.00258873939059592,0.00621801070357626,3.19216307839331,26.3482026603985
6,0.00409837175620314,0.00277079375217471,0.00277079375217471,0.00684796471421989,0.00183055777756201,-0.000124561576743204,-0.000124561576743204,0.00410583771721202,3.32906133906637,24.7880802965534
7,0.0221900868447245,-0.000136102898889212,-0.000136102898889212,0.0199689992631956,0.00234680903315136,-0.00270674884247735,-0.00270674884247735,0.00521383025032694,3.13592865232593,24.4314399218779
8,0.00468483582336044,0.00359229940132288,0.00359229940132288,0.0404113552849527,0.00215575212325326,0.000691934284009488,0.000691934284009488,0.00519096921782532,3.20696173986491,24.1581207645074
9,0.00369695219284006,-0.00255550663221205,-0.00255550663221205,0.00869236987924044,0.00326643765454727,-0.00159812461967973,-0.00159812461967973,0.00967502068256117,3.11767903962101,24.4701254822119
10,0.0110826245463149,0.0017700404914992,0.0017700404914992,0.0158893740704402,0.00244030924640176,-0.00188389021617436,-0.00188389021617436,0.00886503688205984,3.18638032896827,24.4495361521258
11,0.00532575760591735,0.00122177163666559,0.00122177163666559,0.0275210466117077,0.00177221288923081,-0.00141494460385255,-0.00141494460385255,0.00680948093407127,3.15096542622156,26.3607485544783
12,0.00335120441717686,0.00196633496563181,0.00196633496563181,0.0102079072179055,0.0024225161508994,-0.00028204163382517,-0.00028204163382517,0.014522683616445,3.25508062206039,23.1468055062377
13,0.00944361197675969,3.53789900733315e-05,3.53789900733315e-05,0.00812001650177502,0.00297452251559972,-0.000174115797976382,-0.000174115797976382,0.00562449770330298,3.26445285416192,25.0795352898391
14,0.00712794177937228,-0.00582212383448844,-0.00582212383448844,0.0164499099001859,0.00442622068986678,-0.00337150287385718,-0.00337150287385718,0.00911620039430501,3.15593370414989,25.3196903078305
15,0.00337101550597691,-0.000558249431025226,-0.000558249431025226,0.0169864318315571,0.00180643277481082,-0.000408399642768731,-0.000408399642768731,0.0109460623521221,3.13303580505422,25.7033494270809
16,0.0101079753066514,-0.00550249890217791,-0.00550249890217791,0.00501356615142093,0.00571408006285144,0.0182026183843189,0.0182026183843189,0.00699906202240671,2.96081158226082,26.4367929566861
17,0.00651213449249189,-0.000355680530417901,-0.000355680530417901,0.0124537307170581,0.00429457893637512,0.000394589513333488,0.000394589513333488,0.00671202982380484,3.07680024337872,25.2830236454918
18,0.00617287482012817,0.000808813571617994,0.000808813571617994,0.0110890214226051,0.00268315812317662,0.00569737847069929,0.00569737847069929,0.00679467609949406,3.05430442048998,24.622023489038
19,0.00859962199684356,0.00339188332508766,0.00339188332508766,0.0256035197960089,0.00267121327848984,-0.000162220681056327,-0.000162220681056327,0.002810871224526,3.17544973643253,24.2755956081535
20,0.00288340851991524,-0.000958174967479852,-0.000958174967479852,0.0164196881479277,0.00694659115440895,-0.000812316985277506,-0.000812316985277506,0.00591811569088092,3.22096748475012,24.3915205833187
21,0.0119907784097971,0.0100656254034597,0.0100656254034597,0.0905241750061928,0.00416146055262846,-0.00190303334037883,-0.00190303334037883,0.00721946407088736,2.97024780761274,23.4010633068841
22,0.00593436679050449,0.0207328357863321,0.0207328357863321,0.0138601164252429,0.00264036451281341,0.000228925406661029,0.000228925406661029,0.00950709357092577,3.2070743317842,23.6143499641734
23,0.00252997804459635,0.000306686826119118,0.000306686826119118,0.0121970402790394,0.00158605186849986,-0.000105800918115073,-0.000105800918115073,0.00420407481345313,3.33703396122133,25.2534367720717
24,0.00443190769135543,-0.00201305086852877,-0.00201305086852877,0.0296060235384953,0.0029224386676392,-0.00149837275829995,-0.00149837275829995,0.00671816686231395,3.2406614949195,26.0556130293089
25,0.00596766054512215,0.00173185386410563,0.00173185386410563,0.00890404504737517,0.00287332688061334,-0.000490131107445918,-0.000490131107445918,0.00606018697148136,3.16601504696996,24.7304825796161
26,0.0173138114732124,-0.00235772398150969,-0.00235772398150969,0.0216049921486923,0.00490585671389852,-0.00129270293491129,-0.00129270293491129,0.00975661376348055,3.12143003428596,24.6277679874711
27,0.0194600400327971,0.039575262408619,0.039575262408619,0.018728484760856,0.00231971142167724,0.00827145526940071,0.00827145526940071,0.00742759089357584,3.11129193319319,24.6415730655651
28,0.0315678055418812,-0.000847535534112875,-0.000847535534112875,0.0220448062801477,0.00406074624629856,6.0616897114868e-05,6.0616897114868e-05,0.00431667706916076,3.26018086260872,26.0713304878355
29,0.00243906233828881,0.000977679466721559,0.000977679466721559,0.0144329030096341,0.00310890853622244,3.35662812290805e-05,3.35662812290805e-05,0.0170678517241202,3.19719506330867,25.1621380329814
30,0.00733171512825257,0.00742467484690934,0.00742467484690934,0.0405618837721483,0.00473254237626114,-0.000465697421801026,-0.000465697421801026,0.0153753207391334,3.11451094086433,24.0069464963712
31,0.0130918494164295,0.0148711155933854,0.0148711155933854,0.0722855519534087,0.00698951678512044,-0.0168704153764873,-0.0168704153764873,0.0143056630779435,2.8799744342754,24.0140496612033
32,0.00273005834688286,0.0230702568981725,0.0230702568981725,0.036810295781946,0.00266198739252869,-0.00220228478744583,-0.00220228478744583,0.0106168213587638,3.22465388285871,25.2726473098697
33,0.0171659668262626,0.00237424688279297,0.00237424688279297,0.0154230585044535,0.00502993843761137,0.000453051598628851,0.000453051598628851,0.0133674218592559,3.24460465898368,25.5091753431702
34,0.0053834891801348,0.000574382567871956,0.000574382567871956,0.015483118650688,0.00556026109970871,-0.000526380990195308,-0.000526380990195308,0.00537023629121142,3.09933010929476,25.228680228804
35,0.0037340008390595,-0.0033666183625205,-0.0033666183625205,0.0193132225813393,0.00286752991502098,-0.000274727671913721,-0.000274727671913721,0.0145348801652577,3.19464684162535,23.8007864082865
36,0.0159993573334188,-0.0243730336248351,-0.0243730336248351,0.0280565146452901,0.0113783882609374,-6.34560371440829e-05,-6.34560371440829e-05,0.00632868142634893,3.26096974043592,23.9729276407202
37,0.00922943409562198,-0.00173315114827799,-0.00173315114827799,0.0105149470387775,0.00326502368282894,-0.00123475372334664,-0.00123475372334664,0.00640158300592197,3.19810807803412,25.173914978613
38,0.00765410702023869,-0.000347720057101153,-0.000347720057101153,0.0145485065906767,0.00272411579722776,-0.00196671615205291,-0.00196671615205291,0.0155596988247031,3.09702435549652,24.6935271802731
39,0.00437923368245726,0.00223134878944353,0.00223134878944353,0.0096335187416093,0.00538175919400463,0.000720032417145189,0.000720032417145189,0.00440310338778908,3.11414469427179,26.3068775778199
40,0.00566333423819277,0.000252981645164407,0.000252981645164407,0.00807018130807723,0.00333047157801153,0.000488076387874903,0.000488076387874903,0.00975989395667191,3.23697455676422,25.7589086369523
41,0.00907349847046881,0.00136406377173959,0.00136406377173959,0.0229457112522568,0.00188082170185113,-0.00380189388877206,-0.00380189388877206,0.0109295324587243,3.32413217633881,24.606758377619
42,0.00345924874670967,-0.00603815177346112,-0.00603815177346112,0.0701834770437077,0.00316740360551236,0.000240462673503639,0.000240462673503639,0.00641659097951709,3.33912974811382,23.7932533568781
43,0.00418012301374632,-0.00310573692713201,-0.00310573692713201,0.0328293265833022,0.00266675382490872,0.00185384589883666,0.00185384589883666,0.0101538745274089,3.17322569990866,25.0727137122715
44,0.00619163471910902,0.0148819703913421,0.0148819703913421,0.0279606049591271,0.00375766029797704,-0.00228325394790777,-0.00228325394790777,0.00454434393064616,3.11646602234282,24.2001012911713
45,0.011866351305525,-0.00295856366575131,-0.00295856366575131,0.0143671006377834,0.0018760594587504,0.00112359117045344,0.00112359117045344,0.010898434460608,3.25199767861689,24.173445910878
46,0.0111763231275965,-0.0190311364978732,-0.0190311364978732,0.0217393884127834,0.00892663916930082,-0.000702367363052681,-0.000702367363052681,0.00386426856469707,3.0527192461083,24.6889264027058
47,0.01047158112522,-0.00202281565725271,-0.00202281565725271,0.0147420909772645,0.00170726478798504,-2.91564942540568e-05,-2.91564942540568e-05,0.00662105921066619,3.03198634724703,25.0654385793897
48,0.00295207354480689,-0.000374632203297365,-0.000374632203297365,0.0480031563879631,0.00359062351877615,-0.00344803100505747,-0.00344803100505747,0.00899593786114303,3.42969980979381,24.6630297293315
49,0.0037237449269292,-0.00534779131465013,-0.00534779131465013,0.0254112075197829,0.00437404371801005,0.00742264468946324,0.00742264468946324,0.0196636441975775,3.05407699793041,25.6182576676423
50,0.0043134858794642,-0.0017525532395315,-0.0017525532395315,0.00750110003224909,0.00137545022768254,0.000971576486583831,0.000971576486583831,0.00397675326340891,3.11218441359208,26.3297458020306
51,0.00621035207862959,-0.0088227272961765,-0.0088227272961765,0.0170395014040847,0.0017949383522412,-0.00257917554104009,-0.00257917554104009,0.00350855079206844,3.16819569551255,24.9216425084643
52,0.00423727862625538,-0.000937041390217996,-0.000937041390217996,0.00920302669440166,0.00297773474027471,-0.00215208526195446,-0.00215208526195446,0.0082011535280998,3.1761327595501,26.9934527417056
53,0.0103211991357987,-0.00111754740796738,-0.00111754740796738,0.0193735140129445,0.00281163967458989,0.000773770924766826,0.000773770924766826,0.00365446016529427,3.12474582896796,25.3009120168243
54,0.00443202181977302,-0.00125969837193929,-0.00125969837193929,0.0166508393579103,0.00159224213699283,-0.000854711052262674,-0.000854711052262674,0.00492072792808048,3.23492899880293,26.2740219960018
55,0.00696716044910096,0.000125689542320284,0.000125689542320284,0.0317628205968895,0.0350531361684224,-0.000669618814667761,-0.000669618814667761,0.0186018961861354,2.99556158931484,24.1281420071407
56,0.00666215464610847,-0.00555801798317046,-0.00555801798317046,0.0136537151035631,0.00573986645107387,-0.00446599346914925,-0.00446599346914925,0.00755372310762251,3.15872328121006,25.4745159350366
57,0.00502940388318974,0.00224752029653708,0.00224752029653708,0.0155737591318302,0.00314801092728472,0.00306993889240648,0.00306993889240648,0.00481724372416174,3.28478391339664,24.7293350755576
58,0.00838219076604707,0.0271191109253522,0.0271191109253522,0.0125707166492963,0.00397659874537257,0.002091467234975,0.002091467234975,0.00624811197061304,3.10421338405422,24.6680130614613
59,0.00439537732941785,-0.00304848150344328,-0.00304848150344328,0.012086883001619,0.00159304462631248,0.000818684357677124,0.000818684357677124,0.00478249763108237,3.30769307446985,25.0295744087862
60,0.00614966440404163,6.41546700038687e-05,6.41546700038687e-05,0.0105434946375313,0.00369975470526328,0.000113641960773542,0.000113641960773542,0.0107887108851973,3.20547079005932,24.1164450383525
61,0.00361585502008062,-0.00140168156262332,-0.00140168156262332,0.0122758391371219,0.00549620596958493,0.006131567793251,0.006131567793251,0.0108112619570824,3.02006044314577,24.6407434906396
62,0.00615192170401534,0.0389704189118685,0.0389704189118685,0.040966395994545,0.00575069364804435,0.0027075403770721,0.0027075403770721,0.00836646751672391,3.25956391174274,24.860707583335
63,0.00708931845521305,0.000554860034979621,0.000554860034979621,0.030519741795594,0.002368586366917,0.00198991552353289,0.00198991552353289,0.00738015977124858,3.31504080296646,24.8502933876742
64,0.00254219907317302,0.00119161017588743,0.00119161017588743,0.0274957386879328,0.00264039797859051,0.0014946208952874,0.0014946208952874,0.0178289467201865,3.19381025795028,23.5975938673631
65,0.0063371931108858,-0.00199127372875763,-0.00199127372875763,0.00973286813221542,0.0019155244897319,-0.00491459115068138,-0.00491459115068138,0.00722713006183895,3.14351104303615,24.7751394355207
66,0.0102685135657639,0.0011776551226732,0.0011776551226732,0.00547167136944518,0.00995020191634243,-0.000937352221351939,-0.000937352221351939,0.00445124320490959,3.08354586458463,24.3625271164054
67,0.00416278571345085,-0.00169903367551527,-0.00169903367551527,0.0175997882739897,0.00392556786718414,0.000120705345346916,0.000120705345346916,0.00388468933221938,3.16230510173953,24.3336478125304
68,0.00248474452018818,-0.000220201026884637,-0.000220201026884637,0.00672743517058843,0.00318140722181286,-0.000375365129107963,-0.000375365129107963,0.00256812729022022,3.41933026867736,25.7197449158455
69,0.00838766739959191,-0.00493293446962617,-0.00493293446962617,0.012723740263924,0.00207496962700314,0.000106384960210038,0.000106384960210038,0.0041265217167605,3.10237427958303,24.8151468867898
70,0.00282429584066317,0.0014881264862292,0.0014881264862292,0.0111118921671749,0.00350107939711078,-0.000365788937013473,-0.000365788937013473,0.0106757247323956,3.34078019578247,25.7039464525833
71,0.0369556337439732,0.0025237757975245,0.0025237757975245,0.0402299252445819,0.00828483282127809,-0.00526967493876856,-0.00526967493876856,0.0123680066163274,3.07674586687186,24.5687904775159
72,0.00515413855153911,-0.00371093807978462,-0.00371093807978462,0.0222226074928038,0.00269177713258265,-0.000699512028545402,-0.000699512028545402,0.00559509267936309,3.22396152319164,24.3790360390022
73,0.00602867572169204,0.00226963472912445,0.00226963472912445,0.0250556309020199,0.00579499280844522,-0.00674501226244184,-0.00674501226244184,0.00867058759510356,3.240831748656,22.0668144900367
74,0.00542555284357924,-0.000662437353785683,-0.000662437353785683,0.0169795967460646,0.00194603538979263,-0.00418845825418648,-0.00418845825418648,0.00357217436632535,3.28624371173282,25.0383161891384
75,0.00991001695148773,0.00827261270222068,0.00827261270222068,0.0266201561347166,0.00400852634676043,0.00219722611441014,0.00219722611441014,0.00666048801705732,3.0872435725255,24.5565465032167
76,0.00571399124333623,-0.000333686439729641,-0.000333686439729641,0.0310283282914514,0.00173307506043191,-0.00121648121718437,-0.00121648121718437,0.0108651986399527,3.16012220506161,24.1423997808294
77,0.00579586269020036,0.00750066207372391,0.00750066207372391,0.017157853446666,0.00180911983888172,0.00090211848582572,0.00090211848582572,0.00911313623151638,3.21823905131823,24.2381407702982
78,0.00789466666668127,-0.013801305419172,-0.013801305419172,0.0160668243073018,0.00280611076068568,6.72213058567905e-05,6.72213058567905e-05,0.0128368322048307,3.13286084442474,25.4511339729393
79,0.00335490238861431,-0.000488580263355409,-0.000488580263355409,0.00449576730391324,0.00265005764057786,-0.00103544074274856,-0.00103544074274856,0.00664646914607335,3.10844501601544,26.2680765630158
80,0.00212820956610526,0.00350762807651972,0.00350762807651972,0.0151294619312007,0.00410027669409281,-0.00284774007588207,-0.00284774007588207,0.00594060016937992,3.25328634996196,24.9101122561419
81,0.00291408526674918,0.000221423950873545,0.000221423950873545,0.0203655804462646,0.00236772320861594,-0.0012244753286581,-0.0012244753286581,0.0131164992389692,3.2923968686927,24.7308072252568
82,0.0543154104252037,-0.0284076251765981,-0.0284076251765981,0.0291245806402707,0.00299525753133736,-0.00109957972633079,-0.00109957972633079,0.00818206512919742,3.21630436774876,23.6913798217691
83,0.00782774938480117,-0.00374267785835047,-0.00374267785835047,0.0295778492168812,0.00324843482356508,-1.27803457823927e-05,-1.27803457823927e-05,0.00781912784062837,2.66965404474798,25.164735624524
84,0.00842798664335385,0.000134782382438692,0.000134782382438692,0.0200681947613586,0.00539398904300228,0.00179247202850777,0.00179247202850777,0.00478309432570318,3.21978729009926,25.3896505623716
85,0.00692724754336341,-9.72298700980812e-05,-9.72298700980812e-05,0.00893929988965153,0.00665718176673169,-4.40299230700658e-05,-4.40299230700658e-05,0.0060203597327201,3.12640287713715,24.8766188417761
86,0.00440943017521073,-0.000350180436734737,-0.000350180436734737,0.0115483185624821,0.0024009813285262,0.00298694440443337,0.00298694440443337,0.00941180969121996,3.23631019961344,24.109390597933
87,0.00427334169263456,0.0123622153553234,0.0123622153553234,0.0254240977416479,0.00213358849418681,0.000978720199127009,0.000978720199127009,0.00479060246208072,3.22085204912891,24.9857107753547
88,0.00553110429418445,0.00128899315388209,0.00128899315388209,0.0110869565457588,0.021430308902488,-0.00876849128370449,-0.00876849128370449,0.013309369605805,3.05074103426929,24.2690898138473
89,0.006075357486119,-0.00805430157249831,-0.00805430157249831,0.0139988063206936,0.00140392221877281,-0.000262096544831336,-0.000262096544831336,0.00456927643903652,3.05130746082632,24.5703300478554
90,0.011957138730323,0.00349257118370339,0.00349257118370339,0.017083508434613,0.00287559298077811,0.0158002825855986,0.0158002825855986,0.0122789821843574,3.15901395042427,24.6593683821374
91,0.00442316197002252,-0.000365328322671443,-0.000365328322671443,0.0189306115462332,0.00253435511474625,0.00134311322589981,0.00134311322589981,0.00826110825702786,3.1501162361977,25.4949472950054
92,0.00539942910760286,0.000367068868960874,0.000367068868960874,0.00783264220444788,0.0260827505021322,0.00109989084594647,0.00109989084594647,0.00909396129738354,3.0370123327148,24.3047398657536
93,0.00649601503252331,0.00127068323890511,0.00127068323890511,0.0115740601626586,0.00199647054504896,-0.000735385516347498,-0.000735385516347498,0.00746188054409802,3.05809437644423,24.9314715195476
94,0.013924938511548,-0.00180290395736049,-0.00180290395736049,0.00823377838983578,0.00344382416722368,0.000307600149972775,0.000307600149972775,0.0174546449673612,3.21205434306143,25.5527501278202
95,0.00810446384426744,-0.004838352484416,-0.004838352484416,0.0290471821524246,0.0016295306547016,-0.000165295017421574,-0.000165295017421574,0.00931272608172022,3.00462021262282,24.4892720054493
96,0.00816886655648084,-0.00297267370292364,-0.00297267370292364,0.00967446743884746,0.00220666962733455,-0.000867217528519537,-0.000867217528519537,0.00445325178964981,2.93623343189604,24.3459981222739
97,0.0158970892101193,-0.0031245448858046,-0.0031245448858046,0.0480678247103797,0.00259631248034991,-0.00130174076947676,-0.00130174076947676,0.00708881102203035,3.29424366399958,25.7122338417996
98,0.00443898802700577,0.000245390273642343,0.000245390273642343,0.0111497648276149,0.00663897712341505,-0.00121088836348576,-0.00121088836348576,0.00719977237893826,3.06274963227585,24.5333529355202
99,0.00456741584924386,-0.000612915039984396,-0.000612915039984396,0.0237775172432489,0.00689288192505146,0.00030128416683356,0.00030128416683356,0.00518880526929584,3.00042474203381,24.8118264046655
100,0.00685492959155079,-0.00645564248862418,-0.00645564248862418,0.0356159711423204,0.00255023378786832,-0.00289246018059555,-0.00289246018059555,0.00682436612515847,2.94619608872561,21.3683942129917
101,0.00883245178100128,0.00678725225231425,0.00678725225231425,0.0122084574991142,0.0034870443654838,0.00157711359189519,0.00157711359189519,0.00348207662866735,2.99283549094971,26.2501831769592
102,0.00781678527926848,-0.00421292151003416,-0.00421292151003416,0.015247369726828,0.0193916290992158,-0.000392873798203935,-0.000392873798203935,0.0101430467580487,2.94321598215412,23.5941192409972
103,0.13009261720204,-0.0113367126438271,-0.0113367126438271,0.0357000347877977,0.00220451305132735,0.00108408878828659,0.00108408878828659,0.00593632191145173,2.90799652523978,25.0399851906331
104,0.00803126773541381,-4.97603997968721e-05,-4.97603997968721e-05,0.00994945057049904,0.00809089718862751,-0.00215213720778379,-0.00215213720778379,0.00508970673507507,3.15133613630753,25.2993904005557
105,0.0050655767179227,-0.00209447761698722,-0.00209447761698722,0.032136131493649,0.00335236809337043,0.00021794314527912,0.00021794314527912,0.0065121471497235,3.10859916210601,24.8040776660597
106,0.00424781993730146,0.00250567975496319,0.00250567975496319,0.0194340674868549,0.15684797353288,0.0398523927539142,0.0398523927539142,0.00815397129847929,3.10113546424213,24.4222197153652
107,0.00385309843567643,0.000909490008879854,0.000909490008879854,0.012681126480206,0.00639887687391931,-0.000401160485105662,-0.000401160485105662,0.0073368577652841,3.21103526480029,24.5559070834163
108,0.00510586379950814,0.000451535378663381,0.000451535378663381,0.0135891842284003,0.00443408114358328,0.000476063329926557,0.000476063329926557,0.00433832363935811,3.19165796535512,25.1286001210323
109,0.0033247710102539,0.00245306983597754,0.00245306983597754,0.010047667590498,0.00484826624017979,0.00109548374316995,0.00109548374316995,0.00545222437880349,3.05989953577892,24.6609417444722
110,0.00448554315792959,0.00458692522261567,0.00458692522261567,0.00669515855158476,0.00232782122597874,-0.00114920131795515,-0.00114920131795515,0.00607064825244574,3.16744774603587,26.6014298419987
111,0.0126204183470325,-0.00331130124950962,-0.00331130124950962,0.0153534694736441,0.00319594517604447,-0.000811159751511942,-0.000811159751511942,0.00832164961611856,2.83114225318597,25.0270196149787
112,0.00510954480653444,-0.00091664917784684,-0.00091664917784684,0.0120401255661862,0.00776822015791302,2.49089185608287e-06,2.49089185608287e-06,0.00427494760067766,3.27981052802399,24.2885015654294
113,0.00451565400002155,0.000387263393282544,0.000387263393282544,0.010532708145714,0.00169668968526686,-1.0678716019924e-05,-1.0678716019924e-05,0.0068710315481867,3.06038302355083,24.2598796486512
114,0.00570743291938798,0.00984721659056798,0.00984721659056798,0.0341562652918001,0.00406759485762717,0.00116485652211101,0.00116485652211101,0.0068225122005008,3.10078437351356,24.6727098597844
115,0.0243354966598426,0.00254244927639724,0.00254244927639724,0.0289272254777016,0.00268213946685231,0.00600208183727746,0.00600208183727746,0.0108784385506613,3.20647751320286,23.5954817002094
116,0.00316078684631472,-0.00107111890572475,-0.00107111890572475,0.00678593937959604,0.00291808224190997,0.000428610974236188,0.000428610974236188,0.00864857826903166,3.21963317397345,24.5789827421152
117,0.00325420197661312,0.00275124099252966,0.00275124099252966,0.0137248130999744,0.00439798484725183,0.00106353585461755,0.00106353585461755,0.00482908851267816,3.25901117835526,25.0839001151369
118,0.0122667380300031,0.000709603762972133,0.000709603762972133,0.0223340043285639,0.00248128032096269,-0.00103987022769195,-0.00103987022769195,0.00515458388607843,3.26464406101992,25.0903868692028
119,0.00602700941158202,-0.000378077629251239,-0.000378077629251239,0.0115881241672986,0.0421530430267257,-0.00122029655958145,-0.00122029655958145,0.004456354007954,3.12206294958738,23.9330727754357
120,0.00419540330084704,-0.00108046929500361,-0.00108046929500361,0.0432392004410314,0.0042874128677266,-0.00145171791983026,-0.00145171791983026,0.0150148728702002,3.2122190845792,21.4177503457235
121,0.00839461077916992,0.000930790794072656,0.000930790794072656,0.0138589928146407,0.00393029634291985,0.00212117124057176,0.00212117124057176,0.00452418114403642,3.11108733895657,25.3045670783243
122,0.00800456837706671,0.00175362499704335,0.00175362499704335,0.0189225650001211,0.00520316481752081,-0.00869702319185972,-0.00869702319185972,0.00877748142194589,2.8902888911986,23.5344523164295
123,0.00442877883376893,-0.00292916146658762,-0.00292916146658762,0.0153988187244585,0.00746681950865638,0.00280806072688616,0.00280806072688616,0.00566930818966013,3.29838842754563,24.6333287926015
124,0.0116359790399538,-0.0231451051907797,-0.0231451051907797,0.0269954753736482,0.00300764215990806,-0.00101478398968172,-0.00101478398968172,0.00785000888859639,3.18678743109545,25.5828064703713
125,0.00713445806726149,0.00169635935312995,0.00169635935312995,0.00916973394078544,0.00338849093297651,-0.00240142235245755,-0.00240142235245755,0.0153250885895459,2.97678053468979,25.4465149683627
126,0.00382985975454134,-6.78101568876155e-05,-6.78101568876155e-05,0.0114209404108745,0.00218950866987128,0.000416114997475542,0.000416114997475542,0.00223897258499828,3.29795015766037,25.5821310953034
127,0.00814326340556438,0.00132301868238582,0.00132301868238582,0.020745175084219,0.00371949660813437,-0.000302208904722989,-0.000302208904722989,0.00593964780056011,3.08874797104666,23.9712107691225
128,0.00374390123472726,0.00198262581175856,0.00198262581175856,0.0234619849622692,0.00187249364773634,-0.0013159622019806,-0.0013159622019806,0.00283116765518076,3.0722367049288,24.7456689965207
129,0.00217065391296745,-0.000394126716882548,-0.000394126716882548,0.0396581470389507,0.00208436525305146,-0.000333394921103181,-0.000333394921103181,0.00497184740781486,3.33772396661215,23.9160540688567
130,0.0192265304356526,-0.0052356910258804,-0.0052356910258804,0.0193339536151511,0.00331178780126595,0.00090564723833586,0.00090564723833586,0.00887674299318936,3.05461384321626,24.7353510575842
131,0.039918730924991,-0.00432823099510227,-0.00432823099510227,0.0128516569374139,0.00427649621607401,0.00062794466055538,0.00062794466055538,0.0218620403026508,3.13732938401201,25.4470364572336
132,0.0130404474832339,-0.00429505461242297,-0.00429505461242297,0.0104882579402797,0.00311490475595451,-0.00124126770902258,-0.00124126770902258,0.00468447413267754,2.97003463214526,26.5296334966624
133,0.00797648028906465,-0.00190417164143697,-0.00190417164143697,0.0127734193228442,0.0014575139555036,-0.000289497238751657,-0.000289497238751657,0.00816641635184681,3.07460357553631,24.7305097645012
134,0.200366575670224,0.0028700705080793,0.0028700705080793,0.0149829871987275,0.00333910407517849,-0.00138773656849567,-0.00138773656849567,0.0042071641589553,2.95099016802873,24.0675325396061
135,0.00530903227359677,0.000649319522163072,0.000649319522163072,0.0106379552418427,0.0124731648035373,8.74095809428044e-05,8.74095809428044e-05,0.00781381457814856,3.06990942878418,24.0456477400059
136,0.00543497202737234,0.0070885633770329,0.0070885633770329,0.0466655412333209,0.00179668193266008,-0.000447123033886387,-0.000447123033886387,0.0060275622051372,3.21742198713525,24.3244999880263
137,0.00243033275028623,-0.000377648326269242,-0.000377648326269242,0.0112640388729304,0.00184701376035039,0.0017838548174996,0.0017838548174996,0.00270121659328179,3.26565124332453,24.4149903568801
138,0.00662741151698716,-0.00251282256204344,-0.00251282256204344,0.00922519158409181,0.00239791318040067,-0.00520601073399329,-0.00520601073399329,0.00781835017032928,3.13197620070118,24.566109551698
139,0.0157271703060383,0.221359919647373,0.221359919647373,3.58124412042454,0.00172575110705244,0.000289938585948557,0.000289938585948557,0.00913983977598306,3.16970806811604,22.3964734675908
140,0.00581036211549169,0.00695905156567,0.00695905156567,0.0456173123532218,0.0034534701738252,-0.000288400344260836,-0.000288400344260836,0.00556540554104008,3.17413304637507,24.2056033344949
141,0.00458562485039414,-0.000718151099518338,-0.000718151099518338,0.0122592659382123,0.00303769082008854,-0.00148741607942654,-0.00148741607942654,0.0137681469148904,3.08106633139327,25.3963405741585
142,0.00594131540570481,0.00434434246411597,0.00434434246411597,0.013993446678438,0.00468382547545249,-0.00295282168553668,-0.00295282168553668,0.013908631493954,3.27676645857522,24.7968067272921
143,0.00258024500844389,0.00315654352121353,0.00315654352121353,0.0497891095355628,0.00487916358369957,0.00194216252518442,0.00194216252518442,0.0121442579249706,3.19359564823161,24.2656949972503
144,0.00327002627064693,-0.000324312528297788,-0.000324312528297788,0.0253118388509667,0.0017318956032706,0.000827325578207194,0.000827325578207194,0.00656012265783545,3.10851499819282,25.0491468182773
145,0.00471997828712986,0.00298323538562395,0.00298323538562395,0.0175852668318415,0.00513694404619324,-0.00134406514019858,-0.00134406514019858,0.0194104775631481,3.07591084358296,24.7432043353646
146,0.00534527317885582,0.000858521880574892,0.000858521880574892,0.0372129975446336,0.00248601798076315,-4.56085697022046e-05,-4.56085697022046e-05,0.00537077006520173,3.13905166071093,24.3150406695746
147,0.00694272503239216,-0.0111212343387057,-0.0111212343387057,0.0226815807100429,0.00404199709070743,-0.000350793531424948,-0.000350793531424948,0.00426661054261623,2.94051265256966,24.9886183514785
148,0.00322770958222918,0.00222892521647122,0.00222892521647122,0.0136843420375954,0.00154618572147165,0.000681793734358449,0.000681793734358449,0.00728262182884052,3.34294283216205,24.5914004564394
149,0.003384571135941,-0.00354232381323238,-0.00354232381323238,0.0277361616563938,0.00252903553738069,0.001500218111813,0.001500218111813,0.00682130564188784,3.20608599635629,24.0251723801838
150,0.00618104659912308,-0.00135736825805977,-0.00135736825805977,0.00609287929160223,0.00278477295151585,0.00160929422823125,0.00160929422823125,0.00529447463665828,3.17776487822194,25.507675351727
151,0.0073453966676737,-0.00102357885875282,-0.00102357885875282,0.0224691200081183,0.00175249185811896,-0.000269931239258836,-0.000269931239258836,0.00742335964163804,3.22153062557469,24.5313508011742
152,0.00394981605654252,0.00216317430581936,0.00216317430581936,0.00574818146543893,0.00326541832439273,0.00011055254185352,0.00011055254185352,0.00502748264315612,3.32886206290438,24.5723665221214
153,0.00846280307925782,-0.00108495920857066,-0.00108495920857066,0.00596086989878505,0.0144485456960405,-0.000570612220228639,-0.000570612220228639,0.00697357891101463,3.19176212001276,23.9802733164232
154,0.0043246193624009,-0.00160591793742093,-0.00160591793742093,0.0111883203297351,0.00309766834854681,0.000370223085333882,0.000370223085333882,0.0223058673849005,3.31253849565146,23.5885191261898
155,0.00525231807089263,-0.000672707406317641,-0.000672707406317641,0.019713365426385,0.00250860457353035,-0.000766328783783132,-0.000766328783783132,0.018869952944254,3.20781040464686,23.5856031680583
156,0.00922872110715827,0.00281142090522335,0.00281142090522335,0.0611999125721895,0.00446531689454166,-0.000589745197974501,-0.000589745197974501,0.00908791925821946,3.06428374297305,22.2323692446453
157,0.00273729277711193,-0.00243743431003529,-0.00243743431003529,0.0102169161127935,0.00397459176545112,-0.00251445584226262,-0.00251445584226262,0.00496389718932546,3.20912300664629,25.0446273077578
158,0.0130634217825099,-0.00332230295369462,-0.00332230295369462,0.0159939317737444,0.00379598667057724,-0.00161706897923461,-0.00161706897923461,0.0162414944563436,3.17988293734141,25.7722499595154
159,0.00632277675581201,0.00160107561009859,0.00160107561009859,0.0128195163673157,0.00199515309519503,-0.001123157352938,-0.001123157352938,0.0053751462275026,3.38348809293273,24.1518062312635
160,0.00295452217128401,-0.00109667555399995,-0.00109667555399995,0.00441491112539142,0.00210256611502916,-0.00146729540000437,-0.00146729540000437,0.00740073122325416,3.22944444125556,24.9992592077339
161,0.00298150523289684,0.00138879172531092,0.00138879172531092,0.0149818710342752,0.00523780348184502,-3.56402625152075e-05,-3.56402625152075e-05,0.00611046199986853,3.13703217179993,25.2961842893099
162,0.00881478793636774,0.00356544872407061,0.00356544872407061,0.0169534480306491,0.00144589481910111,-0.0027617371723363,-0.0027617371723363,0.0107959310056317,3.30690915035339,25.2251441551836
163,0.0030818004808268,0.00132757413460771,0.00132757413460771,0.0161763938876246,0.0014512194726811,0.000127474532435889,0.000127474532435889,0.00813265561354133,3.25396736376734,23.4722829085461
164,0.00750441217143598,0.00303351273717278,0.00303351273717278,0.0293622587725175,0.00246447788636029,0.00164997513039578,0.00164997513039578,0.00584626000010088,3.21768330767443,24.4812965568104
165,0.00578384047743685,-0.00167877946823269,-0.00167877946823269,0.0105679610528317,0.00204745911601578,0.00125237840275638,0.00125237840275638,0.00602161723748947,3.21032598207758,24.7010877821367
166,0.00268899409684631,-0.00965204018970928,-0.00965204018970928,0.0428387261269683,0.00350691486359791,-0.000117100860221431,-0.000117100860221431,0.0109277559683658,3.1971829288052,24.8595824425593
167,0.204541439219543,-0.677264537053646,-0.677264537053646,1.50913610425293,0.00909504703942711,-0.00193744290434328,-0.00193744290434328,0.00588306571029408,3.11954497525319,21.1756338341901
168,0.00699574886803699,0.000660128690763484,0.000660128690763484,0.018205722211036,0.00345112434137568,-0.000642811452208625,-0.000642811452208625,0.00916102611475282,3.24301908253531,24.8862057560594
169,0.0107634577166912,0.00235252980077316,0.00235252980077316,0.0284521202373236,0.00353349996332728,0.000707457973571968,0.000707457973571968,0.00703863848379238,3.08991802202045,23.4297879622113
170,0.00314333979135654,-0.000699336755855318,-0.000699336755855318,0.0103725614159445,0.00697135978353296,-0.000393188087198237,-0.000393188087198237,0.00675256313563559,3.16102193511174,24.3166795184405
171,0.00193817021057312,0.000779958802369918,0.000779958802369918,0.0287152439857306,0.00791161930420972,0.000276393212347292,0.000276393212347292,0.00716465755132104,3.44515775508698,25.0929090389841
172,0.0110721551370681,-0.0035872764363174,-0.0035872764363174,0.00822500372951861,0.00474986681459134,-0.000710938615147788,-0.000710938615147788,0.00584159001496964,3.21362116406102,24.2152745355769
173,0.0058457217806288,0.00255912422727045,0.00255912422727045,0.0197953522749137,0.00761885759706944,0.00286233322054974,0.00286233322054974,0.0115310285945845,3.12892631124437,23.6790126693818
174,0.00912938307380054,-0.0090509959382834,-0.0090509959382834,0.0472361328508787,0.00157979832004237,0.000101956933260428,0.000101956933260428,0.0063883741833616,3.28040014269161,23.8728012247433
175,0.00523895779723803,0.00124603730526029,0.00124603730526029,0.0116563999991401,0.00709156253220494,0.00295853725797857,0.00295853725797857,0.0100277797490141,3.18805373779712,25.2494001934013
176,0.00635321274811609,-0.0105943544341975,-0.0105943544341975,0.0135577368511716,0.00284946749698948,-0.000606799720434814,-0.000606799720434814,0.0066542539421113,3.18176615762911,25.1640548415858
177,0.00343156156534455,0.000831239985141785,0.000831239985141785,0.00991064845434896,0.00473860713014446,0.000864209461613585,0.000864209461613585,0.00876250695933118,3.34202324437765,25.2141263357675
178,0.00472078648554934,0.00338452152457513,0.00338452152457513,0.0167599412285656,0.00292837548306503,-0.00167805288209807,-0.00167805288209807,0.00492912703490494,3.12363232893963,24.7913580682023
179,0.0189050022067504,0.0449061656872281,0.0449061656872281,0.0497998603169013,0.00365659304305507,-0.00264380944646064,-0.00264380944646064,0.0121960644473406,3.08700464232822,24.7802563766498
180,0.00353919201583642,0.00462316289236764,0.00462316289236764,0.0162004925076885,0.0123012093068489,0.00118239483825569,0.00118239483825569,0.0080890813176672,3.18518764879283,25.4028876797695
181,0.0084796327829789,0.00319619659089865,0.00319619659089865,0.0233564399467295,0.00354736393921638,-0.00173389494944121,-0.00173389494944121,0.00787825756155058,3.20420300967324,24.3183131006416
182,0.0053766418286442,0.00138912054455242,0.00138912054455242,0.044955411309038,0.0090139722501235,0.000323726700008381,0.000323726700008381,0.00341426703097945,3.0823982705884,24.4233527086111
183,0.00387353782722649,0.00023825711797798,0.00023825711797798,0.0287277639131465,0.00275859609575204,-0.00197679764996617,-0.00197679764996617,0.0169225808502674,3.21354648529076,24.9393382931544
184,0.00468014590213552,-0.00349107239627511,-0.00349107239627511,0.0122558567216402,0.00211670912342441,-0.00108851939183491,-0.00108851939183491,0.00360631952344804,3.06600235958776,24.9648866476935
185,0.380539773169735,0.291853697343641,0.291853697343641,0.0153864397063864,0.00238519058114703,0.000151749623388708,0.000151749623388708,0.00481408591454777,2.89166259514928,24.0058281997542
186,0.0063383896600636,0.00287112185387223,0.00287112185387223,0.00908267826908871,0.00327718903966726,-0.000824470549354916,-0.000824470549354916,0.00477860298537555,3.295354385141,25.2013618955765
187,0.00383330660354091,8.96924114190956e-05,8.96924114190956e-05,0.00700860247443638,0.0063546477515786,-0.00489614489079787,-0.00489614489079787,0.0106777024096356,3.35440692658306,25.8992139693555
188,0.421607598008604,-0.105667101954599,-0.105667101954599,0.0178257962377953,0.00451880864413588,-0.00146930295142733,-0.00146930295142733,0.00712942804619918,2.65689394217678,24.3400014100251
189,0.00366974859227354,-0.00320004833923804,-0.00320004833923804,0.0405708751855832,0.00361380146514039,0.00553775986034127,0.00553775986034127,0.0175874826422412,3.08193701905101,24.3097477196584
190,0.0412887753097653,0.412530812711902,0.412530812711902,0.179943738632198,0.00325695933130417,-0.0010992534248484,-0.0010992534248484,0.00775204013767516,3.23984846538015,24.0823911084276
191,0.00418993185859778,-0.00334191101717907,-0.00334191101717907,0.0234877522897339,0.00322177085561497,0.0006462112679676,0.0006462112679676,0.00737841438883688,3.02226133223792,25.3770508659095
192,0.00965379933825316,-0.00502012213982184,-0.00502012213982184,0.0365274084174769,0.00274752292411028,-0.00080570318280121,-0.00080570318280121,0.00541958039060351,3.01877935533231,25.1760495621014
193,0.010083192797522,0.00435397762343359,0.00435397762343359,0.016494400716834,0.00241116869981697,-0.00161477337693944,-0.00161477337693944,0.0058434076094446,3.14997183905648,25.5451758590798
194,0.00486797826696354,0.00346346273682308,0.00346346273682308,0.0138082395963206,0.00441807091630912,8.89370579517101e-05,8.89370579517101e-05,0.0134267423162713,3.03819768486208,25.8620952258305
195,0.00449677564348686,-8.22488714620206e-05,-8.22488714620206e-05,0.00685281890109742,0.0343004273674882,0.00698881785215372,0.00698881785215372,0.0141338060401692,3.24534553253938,24.1906004184881
196,0.00470048189253924,0.00162643266003515,0.00162643266003515,0.0231617090167058,0.00257578762988,0.000110335525970784,0.000110335525970784,0.00740621980677326,3.10701462953157,23.0234742844603
197,0.0026626791229344,-0.00146441766835248,-0.00146441766835248,0.0173302430661825,0.00479653113805669,-0.00265617601901243,-0.00265617601901243,0.0107832328354404,3.18384534826348,23.1199526802421
198,0.00828204950003207,0.00148481921460519,0.00148481921460519,0.0078567311431379,0.00606175517645316,-0.000588020288823349,-0.000588020288823349,0.00701318738446525,3.2248932294842,24.6812199595778
199,0.00370964117351736,-0.000242019084126355,-0.000242019084126355,0.00968199285151115,0.0035384077922976,0.000374545890569233,0.000374545890569233,0.00561803582242983,3.12919692675209,24.1863410691254
200,0.0172979246448893,-0.00259325178512748,-0.00259325178512748,0.010263630697778,0.00979443725923492,-0.000771184580123097,-0.000771184580123097,0.00744067196301485,3.21030019196515,26.4713940428247
